,formulation_ID,IVR_ID,release_method,media_pH,media_temp_oC,media_volume_mL,drug_loading,structure_type,particle_size_nm,PDI,zeta_potential,API_ID,API_name,SMILES,MolWt,TPSA,NumHAcceptors,NumHDonors,NumRotatableBonds,MolLogP
0,1,1,self-quenching,7.4,37.0,9.0,0.1,SUV,97.2,0.141,-9.4,1,doxorubicin,COC1=CC=CC2=C1C(=O)C1=C(O)C3=C(C[C@](O)(C[C@@H]3O[C@H]3C[C@H](N)[C@H](O)[C@H](C)O3)C(=O)CO)C(O)=C1C2=O,543.5250000000002,206.06999999999996,12,6,5,0.0012999999999995238
1,2,2,self-quenching,7.4,37.0,9.0,0.1,SUV,93.8,0.1,-9.9,1,doxorubicin,COC1=CC=CC2=C1C(=O)C1=C(O)C3=C(C[C@](O)(C[C@@H]3O[C@H]3C[C@H](N)[C@H](O)[C@H](C)O3)C(=O)CO)C(O)=C1C2=O,543.5250000000002,206.06999999999996,12,6,5,0.0012999999999995238
2,3,3,Dialysis,7.4,37.0,50.0,0.2,LUV,141.2,,,1,doxorubicin,COC1=CC=CC2=C1C(=O)C1=C(O)C3=C(C[C@](O)(C[C@@H]3O[C@H]3C[C@H](N)[C@H](O)[C@H](C)O3)C(=O)CO)C(O)=C1C2=O,543.5250000000002,206.06999999999996,12,6,5,0.0012999999999995238
3,3,4,Dialysis,7.4,37.0,50.0,0.2,LUV,141.2,,,1,doxorubicin,COC1=CC=CC2=C1C(=O)C1=C(O)C3=C(C[C@](O)(C[C@@H]3O[C@H]3C[C@H](N)[C@H](O)[C@H](C)O3)C(=O)CO)C(O)=C1C2=O,543.5250000000002,206.06999999999996,12,6,5,0.0012999999999995238
4,4,5,Dowex 50 cation exchange,7.4,37.0,5.0,0.125,SUV,84.4,0.1,-2.7,1,doxorubicin,COC1=CC=CC2=C1C(=O)C1=C(O)C3=C(C[C@](O)(C[C@@H]3O[C@H]3C[C@H](N)[C@H](O)[C@H](C)O3)C(=O)CO)C(O)=C1C2=O,543.5250000000002,206.06999999999996,12,6,5,0.0012999999999995238
5,5,6,Dowex 50 cation exchange,7.4,37.0,5.0,0.125,SUV,84.4,0.1,-2.7,1,doxorubicin,COC1=CC=CC2=C1C(=O)C1=C(O)C3=C(C[C@](O)(C[C@@H]3O[C@H]3C[C@H](N)[C@H](O)[C@H](C)O3)C(=O)CO)C(O)=C1C2=O,543.5250000000002,206.06999999999996,12,6,5,0.0012999999999995238
6,6,7,Dowex 50 cation exchange,7.4,37.0,5.0,0.0625,SUV,97.5,0.1,-1.7,1,doxorubicin,COC1=CC=CC2=C1C(=O)C1=C(O)C3=C(C[C@](O)(C[C@@H]3O[C@H]3C[C@H](N)[C@H](O)[C@H](C)O3)C(=O)CO)C(O)=C1C2=O,543.5250000000002,206.06999999999996,12,6,5,0.0012999999999995238
7,6,8,Dowex 50 cation exchange,7.4,37.0,5.0,0.0625,SUV,97.5,0.1,-1.7,1,doxorubicin,COC1=CC=CC2=C1C(=O)C1=C(O)C3=C(C[C@](O)(C[C@@H]3O[C@H]3C[C@H](N)[C@H](O)[C@H](C)O3)C(=O)CO)C(O)=C1C2=O,543.5250000000002,206.06999999999996,12,6,5,0.0012999999999995238
8,5,9,Dowex 50 cation exchange,7.4,37.0,5.0,0.125,SUV,84.4,0.1,-2.7,1,doxorubicin,COC1=CC=CC2=C1C(=O)C1=C(O)C3=C(C[C@](O)(C[C@@H]3O[C@H]3C[C@H](N)[C@H](O)[C@H](C)O3)C(=O)CO)C(O)=C1C2=O,543.5250000000002,206.06999999999996,12,6,5,0.0012999999999995238
9,5,10,Dowex 50 cation exchange,7.4,37.0,5.0,0.125,SUV,84.4,0.1,-2.7,1,doxorubicin,COC1=CC=CC2=C1C(=O)C1=C(O)C3=C(C[C@](O)(C[C@@H]3O[C@H]3C[C@H](N)[C@H](O)[C@H](C)O3)C(=O)CO)C(O)=C1C2=O,543.5250000000002,206.06999999999996,12,6,5,0.0012999999999995238
10,7,11,Dowex 50 cation exchange,7.4,37.0,5.0,0.05,LMVV,10550.0,,-1.7,1,doxorubicin,COC1=CC=CC2=C1C(=O)C1=C(O)C3=C(C[C@](O)(C[C@@H]3O[C@H]3C[C@H](N)[C@H](O)[C@H](C)O3)C(=O)CO)C(O)=C1C2=O,543.5250000000002,206.06999999999996,12,6,5,0.0012999999999995238
11,7,12,Dowex 50 cation exchange,7.4,37.0,5.0,0.05,LMVV,10550.0,,-1.7,1,doxorubicin,COC1=CC=CC2=C1C(=O)C1=C(O)C3=C(C[C@](O)(C[C@@H]3O[C@H]3C[C@H](N)[C@H](O)[C@H](C)O3)C(=O)CO)C(O)=C1C2=O,543.5250000000002,206.06999999999996,12,6,5,0.0012999999999995238
12,5,13,Dowex 50 cation exchange,7.4,37.0,5.0,0.125,SUV,84.4,0.1,-2.7,1,doxorubicin,COC1=CC=CC2=C1C(=O)C1=C(O)C3=C(C[C@](O)(C[C@@H]3O[C@H]3C[C@H](N)[C@H](O)[C@H](C)O3)C(=O)CO)C(O)=C1C2=O,543.5250000000002,206.06999999999996,12,6,5,0.0012999999999995238
13,5,14,Dowex 50 cation exchange,7.4,37.0,5.0,0.125,SUV,84.4,0.1,-2.7,1,doxorubicin,COC1=CC=CC2=C1C(=O)C1=C(O)C3=C(C[C@](O)(C[C@@H]3O[C@H]3C[C@H](N)[C@H](O)[C@H](C)O3)C(=O)CO)C(O)=C1C2=O,543.5250000000002,206.06999999999996,12,6,5,0.0012999999999995238
14,5,15,Dowex 50 cation exchange,7.4,37.0,5.0,0.125,SUV,84.4,0.1,-2.7,1,doxorubicin,COC1=CC=CC2=C1C(=O)C1=C(O)C3=C(C[C@](O)(C[C@@H]3O[C@H]3C[C@H](N)[C@H](O)[C@H](C)O3)C(=O)CO)C(O)=C1C2=O,543.5250000000002,206.06999999999996,12,6,5,0.0012999999999995238
15,5,16,Dowex 50 cation exchange,7.4,37.0,5.0,0.125,SUV,84.4,0.1,-2.7,1,doxorubicin,COC1=CC=CC2=C1C(=O)C1=C(O)C3=C(C[C@](O)(C[C@@H]3O[C@H]3C[C@H](N)[C@H](O)[C@H](C)O3)C(=O)CO)C(O)=C1C2=O,543.5250000000002,206.06999999999996,12,6,5,0.0012999999999995238
16,5,17,Dowex 50 cation exchange,7.4,37.0,5.0,0.125,SUV,84.4,0.1,-2.7,1,doxorubicin,COC1=CC=CC2=C1C(=O)C1=C(O)C3=C(C[C@](O)(C[C@@H]3O[C@H]3C[C@H](N)[C@H](O)[C@H](C)O3)C(=O)CO)C(O)=C1C2=O,543.5250000000002,206.06999999999996,12,6,5,0.0012999999999995238
17,5,18,Dowex 50 cation exchange,6.0,37.0,5.0,0.125,SUV,84.4,0.1,-2.7,1,doxorubicin,COC1=CC=CC2=C1C(=O)C1=C(O)C3=C(C[C@](O)(C[C@@H]3O[C@H]3C[C@H](N)[C@H](O)[C@H](C)O3)C(=O)CO)C(O)=C1C2=O,543.5250000000002,206.06999999999996,12,6,5,0.0012999999999995238
18,5,19,Dowex 50 cation exchange,7.4,37.0,5.0,0.125,SUV,84.4,0.1,-2.7,1,doxorubicin,COC1=CC=CC2=C1C(=O)C1=C(O)C3=C(C[C@](O)(C[C@@H]3O[C@H]3C[C@H](N)[C@H](O)[C@H](C)O3)C(=O)CO)C(O)=C1C2=O,543.5250000000002,206.06999999999996,12,6,5,0.0012999999999995238
19,5,20,Dowex 50 cation exchange,8.5,37.0,5.0,0.125,SUV,84.4,0.1,-2.7,1,doxorubicin,COC1=CC=CC2=C1C(=O)C1=C(O)C3=C(C[C@](O)(C[C@@H]3O[C@H]3C[C@H](N)[C@H](O)[C@H](C)O3)C(=O)CO)C(O)=C1C2=O,543.5250000000002,206.06999999999996,12,6,5,0.0012999999999995238
20,9,21,self-quenching,7.4,37.0,,0.5,LUV,141.3,0.106,-13.5,1,doxorubicin,COC1=CC=CC2=C1C(=O)C1=C(O)C3=C(C[C@](O)(C[C@@H]3O[C@H]3C[C@H](N)[C@H](O)[C@H](C)O3)C(=O)CO)C(O)=C1C2=O,543.5250000000002,206.06999999999996,12,6,5,0.0012999999999995238
21,8,22,self-quenching,7.4,37.0,,0.05,LUV,148.3,0.022,-12.7,1,doxorubicin,COC1=CC=CC2=C1C(=O)C1=C(O)C3=C(C[C@](O)(C[C@@H]3O[C@H]3C[C@H](N)[C@H](O)[C@H](C)O3)C(=O)CO)C(O)=C1C2=O,543.5250000000002,206.06999999999996,12,6,5,0.0012999999999995238
22,9,23,self-quenching,7.4,42.0,,0.5,LUV,141.3,0.106,-13.5,1,doxorubicin,COC1=CC=CC2=C1C(=O)C1=C(O)C3=C(C[C@](O)(C[C@@H]3O[C@H]3C[C@H](N)[C@H](O)[C@H](C)O3)C(=O)CO)C(O)=C1C2=O,543.5250000000002,206.06999999999996,12,6,5,0.0012999999999995238
23,8,24,self-quenching,7.4,42.0,,0.05,LUV,148.3,0.022,-12.7,1,doxorubicin,COC1=CC=CC2=C1C(=O)C1=C(O)C3=C(C[C@](O)(C[C@@H]3O[C@H]3C[C@H](N)[C@H](O)[C@H](C)O3)C(=O)CO)C(O)=C1C2=O,543.5250000000002,206.06999999999996,12,6,5,0.0012999999999995238
24,9,25,self-quenching,7.4,37.0,,0.5,LUV,141.3,0.106,-13.5,1,doxorubicin,COC1=CC=CC2=C1C(=O)C1=C(O)C3=C(C[C@](O)(C[C@@H]3O[C@H]3C[C@H](N)[C@H](O)[C@H](C)O3)C(=O)CO)C(O)=C1C2=O,543.5250000000002,206.06999999999996,12,6,5,0.0012999999999995238
25,8,26,self-quenching,7.4,37.0,,0.05,LUV,148.3,0.022,-12.7,1,doxorubicin,COC1=CC=CC2=C1C(=O)C1=C(O)C3=C(C[C@](O)(C[C@@H]3O[C@H]3C[C@H](N)[C@H](O)[C@H](C)O3)C(=O)CO)C(O)=C1C2=O,543.5250000000002,206.06999999999996,12,6,5,0.0012999999999995238
26,9,27,self-quenching,7.4,42.0,,0.5,LUV,141.3,0.106,-13.5,1,doxorubicin,COC1=CC=CC2=C1C(=O)C1=C(O)C3=C(C[C@](O)(C[C@@H]3O[C@H]3C[C@H](N)[C@H](O)[C@H](C)O3)C(=O)CO)C(O)=C1C2=O,543.5250000000002,206.06999999999996,12,6,5,0.0012999999999995238
27,8,28,self-quenching,7.4,42.0,,0.05,LUV,148.3,0.022,-12.7,1,doxorubicin,COC1=CC=CC2=C1C(=O)C1=C(O)C3=C(C[C@](O)(C[C@@H]3O[C@H]3C[C@H](N)[C@H](O)[C@H](C)O3)C(=O)CO)C(O)=C1C2=O,543.5250000000002,206.06999999999996,12,6,5,0.0012999999999995238
28,11,29,self-quenching,7.4,37.0,,0.5,LUV,156.2,0.025,-10.6,1,doxorubicin,COC1=CC=CC2=C1C(=O)C1=C(O)C3=C(C[C@](O)(C[C@@H]3O[C@H]3C[C@H](N)[C@H](O)[C@H](C)O3)C(=O)CO)C(O)=C1C2=O,543.5250000000002,206.06999999999996,12,6,5,0.0012999999999995238
29,10,30,self-quenching,7.4,37.0,,0.05,LUV,145.3,0.087,-11.3,1,doxorubicin,COC1=CC=CC2=C1C(=O)C1=C(O)C3=C(C[C@](O)(C[C@@H]3O[C@H]3C[C@H](N)[C@H](O)[C@H](C)O3)C(=O)CO)C(O)=C1C2=O,543.5250000000002,206.06999999999996,12,6,5,0.0012999999999995238
30,11,31,self-quenching,7.4,42.0,,0.5,LUV,156.2,0.025,-10.6,1,doxorubicin,COC1=CC=CC2=C1C(=O)C1=C(O)C3=C(C[C@](O)(C[C@@H]3O[C@H]3C[C@H](N)[C@H](O)[C@H](C)O3)C(=O)CO)C(O)=C1C2=O,543.5250000000002,206.06999999999996,12,6,5,0.0012999999999995238
31,10,32,self-quenching,7.4,42.0,,0.05,LUV,145.3,0.087,-11.3,1,doxorubicin,COC1=CC=CC2=C1C(=O)C1=C(O)C3=C(C[C@](O)(C[C@@H]3O[C@H]3C[C@H](N)[C@H](O)[C@H](C)O3)C(=O)CO)C(O)=C1C2=O,543.5250000000002,206.06999999999996,12,6,5,0.0012999999999995238
32,11,33,self-quenching,7.4,37.0,,0.5,LUV,156.2,0.025,-10.6,1,doxorubicin,COC1=CC=CC2=C1C(=O)C1=C(O)C3=C(C[C@](O)(C[C@@H]3O[C@H]3C[C@H](N)[C@H](O)[C@H](C)O3)C(=O)CO)C(O)=C1C2=O,543.5250000000002,206.06999999999996,12,6,5,0.0012999999999995238
33,10,34,self-quenching,7.4,37.0,,0.05,LUV,145.3,0.087,-11.3,1,doxorubicin,COC1=CC=CC2=C1C(=O)C1=C(O)C3=C(C[C@](O)(C[C@@H]3O[C@H]3C[C@H](N)[C@H](O)[C@H](C)O3)C(=O)CO)C(O)=C1C2=O,543.5250000000002,206.06999999999996,12,6,5,0.0012999999999995238
34,11,35,self-quenching,7.4,42.0,,0.5,LUV,156.2,0.025,-10.6,1,doxorubicin,COC1=CC=CC2=C1C(=O)C1=C(O)C3=C(C[C@](O)(C[C@@H]3O[C@H]3C[C@H](N)[C@H](O)[C@H](C)O3)C(=O)CO)C(O)=C1C2=O,543.5250000000002,206.06999999999996,12,6,5,0.0012999999999995238
35,10,36,self-quenching,7.4,42.0,,0.05,LUV,145.3,0.087,-11.3,1,doxorubicin,COC1=CC=CC2=C1C(=O)C1=C(O)C3=C(C[C@](O)(C[C@@H]3O[C@H]3C[C@H](N)[C@H](O)[C@H](C)O3)C(=O)CO)C(O)=C1C2=O,543.5250000000002,206.06999999999996,12,6,5,0.0012999999999995238
36,13,37,self-quenching,7.4,37.0,,0.5,LUV,153.1,0.134,-13.6,1,doxorubicin,COC1=CC=CC2=C1C(=O)C1=C(O)C3=C(C[C@](O)(C[C@@H]3O[C@H]3C[C@H](N)[C@H](O)[C@H](C)O3)C(=O)CO)C(O)=C1C2=O,543.5250000000002,206.06999999999996,12,6,5,0.0012999999999995238
37,12,38,self-quenching,7.4,37.0,,0.05,LUV,156.3,0.124,-12.4,1,doxorubicin,COC1=CC=CC2=C1C(=O)C1=C(O)C3=C(C[C@](O)(C[C@@H]3O[C@H]3C[C@H](N)[C@H](O)[C@H](C)O3)C(=O)CO)C(O)=C1C2=O,543.5250000000002,206.06999999999996,12,6,5,0.0012999999999995238
38,13,39,self-quenching,7.4,42.0,,0.5,LUV,153.1,0.134,-13.6,1,doxorubicin,COC1=CC=CC2=C1C(=O)C1=C(O)C3=C(C[C@](O)(C[C@@H]3O[C@H]3C[C@H](N)[C@H](O)[C@H](C)O3)C(=O)CO)C(O)=C1C2=O,543.5250000000002,206.06999999999996,12,6,5,0.0012999999999995238
39,12,40,self-quenching,7.4,42.0,,0.05,LUV,156.3,0.124,-12.4,1,doxorubicin,COC1=CC=CC2=C1C(=O)C1=C(O)C3=C(C[C@](O)(C[C@@H]3O[C@H]3C[C@H](N)[C@H](O)[C@H](C)O3)C(=O)CO)C(O)=C1C2=O,543.5250000000002,206.06999999999996,12,6,5,0.0012999999999995238
40,13,41,self-quenching,7.4,37.0,,0.5,LUV,153.1,0.134,-13.6,1,doxorubicin,COC1=CC=CC2=C1C(=O)C1=C(O)C3=C(C[C@](O)(C[C@@H]3O[C@H]3C[C@H](N)[C@H](O)[C@H](C)O3)C(=O)CO)C(O)=C1C2=O,543.5250000000002,206.06999999999996,12,6,5,0.0012999999999995238
41,12,42,self-quenching,7.4,37.0,,0.05,LUV,156.3,0.124,-12.4,1,doxorubicin,COC1=CC=CC2=C1C(=O)C1=C(O)C3=C(C[C@](O)(C[C@@H]3O[C@H]3C[C@H](N)[C@H](O)[C@H](C)O3)C(=O)CO)C(O)=C1C2=O,543.5250000000002,206.06999999999996,12,6,5,0.0012999999999995238
42,13,43,self-quenching,7.4,42.0,,0.5,LUV,153.1,0.134,-13.6,1,doxorubicin,COC1=CC=CC2=C1C(=O)C1=C(O)C3=C(C[C@](O)(C[C@@H]3O[C@H]3C[C@H](N)[C@H](O)[C@H](C)O3)C(=O)CO)C(O)=C1C2=O,543.5250000000002,206.06999999999996,12,6,5,0.0012999999999995238
43,12,44,self-quenching,7.4,42.0,,0.05,LUV,156.3,0.124,-12.4,1,doxorubicin,COC1=CC=CC2=C1C(=O)C1=C(O)C3=C(C[C@](O)(C[C@@H]3O[C@H]3C[C@H](N)[C@H](O)[C@H](C)O3)C(=O)CO)C(O)=C1C2=O,543.5250000000002,206.06999999999996,12,6,5,0.0012999999999995238
44,14,45,Dialysis,7.4,37.0,,0.05,LUV,127.2,0.18,-18.5,1,doxorubicin,COC1=CC=CC2=C1C(=O)C1=C(O)C3=C(C[C@](O)(C[C@@H]3O[C@H]3C[C@H](N)[C@H](O)[C@H](C)O3)C(=O)CO)C(O)=C1C2=O,543.5250000000002,206.06999999999996,12,6,5,0.0012999999999995238
45,15,46,Dialysis,7.4,37.0,,0.05,LUV,128.3,0.16,-15.3,1,doxorubicin,COC1=CC=CC2=C1C(=O)C1=C(O)C3=C(C[C@](O)(C[C@@H]3O[C@H]3C[C@H](N)[C@H](O)[C@H](C)O3)C(=O)CO)C(O)=C1C2=O,543.5250000000002,206.06999999999996,12,6,5,0.0012999999999995238
46,16,47,Dialysis,7.4,37.0,,0.05,LUV,135.1,0.2,-9.3,1,doxorubicin,COC1=CC=CC2=C1C(=O)C1=C(O)C3=C(C[C@](O)(C[C@@H]3O[C@H]3C[C@H](N)[C@H](O)[C@H](C)O3)C(=O)CO)C(O)=C1C2=O,543.5250000000002,206.06999999999996,12,6,5,0.0012999999999995238
47,14,48,Dialysis,6.0,37.0,,0.05,LUV,127.2,0.18,-18.5,1,doxorubicin,COC1=CC=CC2=C1C(=O)C1=C(O)C3=C(C[C@](O)(C[C@@H]3O[C@H]3C[C@H](N)[C@H](O)[C@H](C)O3)C(=O)CO)C(O)=C1C2=O,543.5250000000002,206.06999999999996,12,6,5,0.0012999999999995238
48,15,49,Dialysis,6.0,37.0,,0.05,LUV,128.3,0.16,-15.3,1,doxorubicin,COC1=CC=CC2=C1C(=O)C1=C(O)C3=C(C[C@](O)(C[C@@H]3O[C@H]3C[C@H](N)[C@H](O)[C@H](C)O3)C(=O)CO)C(O)=C1C2=O,543.5250000000002,206.06999999999996,12,6,5,0.0012999999999995238
49,16,50,Dialysis,6.0,37.0,,0.05,LUV,135.1,0.2,-9.3,1,doxorubicin,COC1=CC=CC2=C1C(=O)C1=C(O)C3=C(C[C@](O)(C[C@@H]3O[C@H]3C[C@H](N)[C@H](O)[C@H](C)O3)C(=O)CO)C(O)=C1C2=O,543.5250000000002,206.06999999999996,12,6,5,0.0012999999999995238
50,14,51,Dialysis,7.4,37.0,,0.05,LUV,127.2,0.18,-18.5,1,doxorubicin,COC1=CC=CC2=C1C(=O)C1=C(O)C3=C(C[C@](O)(C[C@@H]3O[C@H]3C[C@H](N)[C@H](O)[C@H](C)O3)C(=O)CO)C(O)=C1C2=O,543.5250000000002,206.06999999999996,12,6,5,0.0012999999999995238
51,15,52,Dialysis,7.4,37.0,,0.05,LUV,128.3,0.16,-15.3,1,doxorubicin,COC1=CC=CC2=C1C(=O)C1=C(O)C3=C(C[C@](O)(C[C@@H]3O[C@H]3C[C@H](N)[C@H](O)[C@H](C)O3)C(=O)CO)C(O)=C1C2=O,543.5250000000002,206.06999999999996,12,6,5,0.0012999999999995238
52,16,53,Dialysis,7.4,37.0,,0.05,LUV,135.1,0.2,-9.3,1,doxorubicin,COC1=CC=CC2=C1C(=O)C1=C(O)C3=C(C[C@](O)(C[C@@H]3O[C@H]3C[C@H](N)[C@H](O)[C@H](C)O3)C(=O)CO)C(O)=C1C2=O,543.5250000000002,206.06999999999996,12,6,5,0.0012999999999995238
53,17,54,Dowex 50 cation exchange,7.4,37.0,9.0,0.125,SUV,87.03,0.073,-18.67,1,doxorubicin,COC1=CC=CC2=C1C(=O)C1=C(O)C3=C(C[C@](O)(C[C@@H]3O[C@H]3C[C@H](N)[C@H](O)[C@H](C)O3)C(=O)CO)C(O)=C1C2=O,543.5250000000002,206.06999999999996,12,6,5,0.0012999999999995238
54,18,55,Dowex 50 cation exchange,7.4,37.0,9.0,0.125,SUV,87.18,0.069,-15.2,1,doxorubicin,COC1=CC=CC2=C1C(=O)C1=C(O)C3=C(C[C@](O)(C[C@@H]3O[C@H]3C[C@H](N)[C@H](O)[C@H](C)O3)C(=O)CO)C(O)=C1C2=O,543.5250000000002,206.06999999999996,12,6,5,0.0012999999999995238
55,19,56,Dialysis,7.4,37.0,400.0,0.1,LUV,143.0,0.07,-4.63,1,doxorubicin,COC1=CC=CC2=C1C(=O)C1=C(O)C3=C(C[C@](O)(C[C@@H]3O[C@H]3C[C@H](N)[C@H](O)[C@H](C)O3)C(=O)CO)C(O)=C1C2=O,543.5250000000002,206.06999999999996,12,6,5,0.0012999999999995238
56,20,57,Dialysis,7.4,37.0,400.0,0.1,LUV,183.0,0.09,-4.63,1,doxorubicin,COC1=CC=CC2=C1C(=O)C1=C(O)C3=C(C[C@](O)(C[C@@H]3O[C@H]3C[C@H](N)[C@H](O)[C@H](C)O3)C(=O)CO)C(O)=C1C2=O,543.5250000000002,206.06999999999996,12,6,5,0.0012999999999995238
57,22,58,ModifiedUSP-4,6.0,37.0,78.4,0.125,SUV,86.2,0.081,,1,doxorubicin,COC1=CC=CC2=C1C(=O)C1=C(O)C3=C(C[C@](O)(C[C@@H]3O[C@H]3C[C@H](N)[C@H](O)[C@H](C)O3)C(=O)CO)C(O)=C1C2=O,543.5250000000002,206.06999999999996,12,6,5,0.0012999999999995238
58,22,59,ModifiedUSP-4,6.0,45.0,78.4,0.125,SUV,86.2,0.081,,1,doxorubicin,COC1=CC=CC2=C1C(=O)C1=C(O)C3=C(C[C@](O)(C[C@@H]3O[C@H]3C[C@H](N)[C@H](O)[C@H](C)O3)C(=O)CO)C(O)=C1C2=O,543.5250000000002,206.06999999999996,12,6,5,0.0012999999999995238
59,22,60,ModifiedUSP-4,6.0,55.0,78.4,0.125,SUV,86.2,0.081,,1,doxorubicin,COC1=CC=CC2=C1C(=O)C1=C(O)C3=C(C[C@](O)(C[C@@H]3O[C@H]3C[C@H](N)[C@H](O)[C@H](C)O3)C(=O)CO)C(O)=C1C2=O,543.5250000000002,206.06999999999996,12,6,5,0.0012999999999995238
60,22,61,ModifiedUSP-4,6.0,45.0,78.4,0.125,SUV,86.2,0.081,,1,doxorubicin,COC1=CC=CC2=C1C(=O)C1=C(O)C3=C(C[C@](O)(C[C@@H]3O[C@H]3C[C@H](N)[C@H](O)[C@H](C)O3)C(=O)CO)C(O)=C1C2=O,543.5250000000002,206.06999999999996,12,6,5,0.0012999999999995238
61,22,62,ModifiedUSP-4,6.0,45.0,78.4,0.125,SUV,86.2,0.081,,1,doxorubicin,COC1=CC=CC2=C1C(=O)C1=C(O)C3=C(C[C@](O)(C[C@@H]3O[C@H]3C[C@H](N)[C@H](O)[C@H](C)O3)C(=O)CO)C(O)=C1C2=O,543.5250000000002,206.06999999999996,12,6,5,0.0012999999999995238
62,21,68,ModifiedUSP-4,6.0,45.0,78.4,0.125,SUV,91.0,0.042,,1,doxorubicin,COC1=CC=CC2=C1C(=O)C1=C(O)C3=C(C[C@](O)(C[C@@H]3O[C@H]3C[C@H](N)[C@H](O)[C@H](C)O3)C(=O)CO)C(O)=C1C2=O,543.5250000000002,206.06999999999996,12,6,5,0.0012999999999995238
63,21,69,ModifiedUSP-4,6.0,45.0,78.4,0.125,SUV,91.0,0.042,,1,doxorubicin,COC1=CC=CC2=C1C(=O)C1=C(O)C3=C(C[C@](O)(C[C@@H]3O[C@H]3C[C@H](N)[C@H](O)[C@H](C)O3)C(=O)CO)C(O)=C1C2=O,543.5250000000002,206.06999999999996,12,6,5,0.0012999999999995238
64,21,70,ModifiedUSP-4,6.0,45.0,78.4,0.125,SUV,91.0,0.042,,1,doxorubicin,COC1=CC=CC2=C1C(=O)C1=C(O)C3=C(C[C@](O)(C[C@@H]3O[C@H]3C[C@H](N)[C@H](O)[C@H](C)O3)C(=O)CO)C(O)=C1C2=O,543.5250000000002,206.06999999999996,12,6,5,0.0012999999999995238
65,21,71,ModifiedUSP-4,6.0,45.0,78.4,0.125,SUV,91.0,0.042,,1,doxorubicin,COC1=CC=CC2=C1C(=O)C1=C(O)C3=C(C[C@](O)(C[C@@H]3O[C@H]3C[C@H](N)[C@H](O)[C@H](C)O3)C(=O)CO)C(O)=C1C2=O,543.5250000000002,206.06999999999996,12,6,5,0.0012999999999995238
66,21,72,ModifiedUSP-4,6.0,45.0,78.4,0.125,SUV,91.0,0.042,,1,doxorubicin,COC1=CC=CC2=C1C(=O)C1=C(O)C3=C(C[C@](O)(C[C@@H]3O[C@H]3C[C@H](N)[C@H](O)[C@H](C)O3)C(=O)CO)C(O)=C1C2=O,543.5250000000002,206.06999999999996,12,6,5,0.0012999999999995238
67,23,73,ModifiedUSP-4,6.0,45.0,78.4,0.125,SUV,79.4,0.274,,1,doxorubicin,COC1=CC=CC2=C1C(=O)C1=C(O)C3=C(C[C@](O)(C[C@@H]3O[C@H]3C[C@H](N)[C@H](O)[C@H](C)O3)C(=O)CO)C(O)=C1C2=O,543.5250000000002,206.06999999999996,12,6,5,0.0012999999999995238
68,25,74,ModifiedUSP-4,6.0,45.0,78.4,0.125,SUV,87.0,0.102,,1,doxorubicin,COC1=CC=CC2=C1C(=O)C1=C(O)C3=C(C[C@](O)(C[C@@H]3O[C@H]3C[C@H](N)[C@H](O)[C@H](C)O3)C(=O)CO)C(O)=C1C2=O,543.5250000000002,206.06999999999996,12,6,5,0.0012999999999995238
69,24,75,ModifiedUSP-4,6.0,45.0,78.4,0.125,SUV,84.2,0.067,,1,doxorubicin,COC1=CC=CC2=C1C(=O)C1=C(O)C3=C(C[C@](O)(C[C@@H]3O[C@H]3C[C@H](N)[C@H](O)[C@H](C)O3)C(=O)CO)C(O)=C1C2=O,543.5250000000002,206.06999999999996,12,6,5,0.0012999999999995238
70,21,76,ModifiedUSP-4,6.0,45.0,78.4,0.125,SUV,91.0,0.042,,1,doxorubicin,COC1=CC=CC2=C1C(=O)C1=C(O)C3=C(C[C@](O)(C[C@@H]3O[C@H]3C[C@H](N)[C@H](O)[C@H](C)O3)C(=O)CO)C(O)=C1C2=O,543.5250000000002,206.06999999999996,12,6,5,0.0012999999999995238
71,22,77,ModifiedUSP-4,6.0,45.0,78.4,0.125,SUV,86.2,0.081,,1,doxorubicin,COC1=CC=CC2=C1C(=O)C1=C(O)C3=C(C[C@](O)(C[C@@H]3O[C@H]3C[C@H](N)[C@H](O)[C@H](C)O3)C(=O)CO)C(O)=C1C2=O,543.5250000000002,206.06999999999996,12,6,5,0.0012999999999995238
72,25,78,ModifiedUSP-4,6.0,45.0,78.4,0.125,SUV,87.0,0.102,,1,doxorubicin,COC1=CC=CC2=C1C(=O)C1=C(O)C3=C(C[C@](O)(C[C@@H]3O[C@H]3C[C@H](N)[C@H](O)[C@H](C)O3)C(=O)CO)C(O)=C1C2=O,543.5250000000002,206.06999999999996,12,6,5,0.0012999999999995238
73,31,79,ModifiedUSP-4,6.0,45.0,39.2,0.125,SUV,86.0,0.18,,1,doxorubicin,COC1=CC=CC2=C1C(=O)C1=C(O)C3=C(C[C@](O)(C[C@@H]3O[C@H]3C[C@H](N)[C@H](O)[C@H](C)O3)C(=O)CO)C(O)=C1C2=O,543.5250000000002,206.06999999999996,12,6,5,0.0012999999999995238
74,30,80,ModifiedUSP-4,6.0,45.0,39.2,0.125,SUV,91.0,0.15,,1,doxorubicin,COC1=CC=CC2=C1C(=O)C1=C(O)C3=C(C[C@](O)(C[C@@H]3O[C@H]3C[C@H](N)[C@H](O)[C@H](C)O3)C(=O)CO)C(O)=C1C2=O,543.5250000000002,206.06999999999996,12,6,5,0.0012999999999995238
75,26,81,ModifiedUSP-4,6.0,45.0,39.2,0.125,LUV,111.0,0.2,-13.0,1,doxorubicin,COC1=CC=CC2=C1C(=O)C1=C(O)C3=C(C[C@](O)(C[C@@H]3O[C@H]3C[C@H](N)[C@H](O)[C@H](C)O3)C(=O)CO)C(O)=C1C2=O,543.5250000000002,206.06999999999996,12,6,5,0.0012999999999995238
76,27,82,ModifiedUSP-4,6.0,45.0,39.2,0.125,SUV,87.0,0.15,-14.0,1,doxorubicin,COC1=CC=CC2=C1C(=O)C1=C(O)C3=C(C[C@](O)(C[C@@H]3O[C@H]3C[C@H](N)[C@H](O)[C@H](C)O3)C(=O)CO)C(O)=C1C2=O,543.5250000000002,206.06999999999996,12,6,5,0.0012999999999995238
77,35,83,Dialysis,6.6,45.0,19.6,0.125,SUV,99.0,0.15,-14.06,1,doxorubicin,COC1=CC=CC2=C1C(=O)C1=C(O)C3=C(C[C@](O)(C[C@@H]3O[C@H]3C[C@H](N)[C@H](O)[C@H](C)O3)C(=O)CO)C(O)=C1C2=O,543.5250000000002,206.06999999999996,12,6,5,0.0012999999999995238
78,37,84,Dialysis,6.6,45.0,19.6,0.125,SUV,101.0,0.14,-16.36,1,doxorubicin,COC1=CC=CC2=C1C(=O)C1=C(O)C3=C(C[C@](O)(C[C@@H]3O[C@H]3C[C@H](N)[C@H](O)[C@H](C)O3)C(=O)CO)C(O)=C1C2=O,543.5250000000002,206.06999999999996,12,6,5,0.0012999999999995238
79,32,85,Dialysis,6.6,45.0,19.6,0.125,SUV,92.0,0.14,,1,doxorubicin,COC1=CC=CC2=C1C(=O)C1=C(O)C3=C(C[C@](O)(C[C@@H]3O[C@H]3C[C@H](N)[C@H](O)[C@H](C)O3)C(=O)CO)C(O)=C1C2=O,543.5250000000002,206.06999999999996,12,6,5,0.0012999999999995238
80,26,86,ModifiedUSP-4,6.0,45.0,39.2,0.125,LUV,111.0,0.2,-13.0,1,doxorubicin,COC1=CC=CC2=C1C(=O)C1=C(O)C3=C(C[C@](O)(C[C@@H]3O[C@H]3C[C@H](N)[C@H](O)[C@H](C)O3)C(=O)CO)C(O)=C1C2=O,543.5250000000002,206.06999999999996,12,6,5,0.0012999999999995238
81,28,87,ModifiedUSP-4,6.0,45.0,39.2,0.125,SUV,93.0,0.14,-14.0,1,doxorubicin,COC1=CC=CC2=C1C(=O)C1=C(O)C3=C(C[C@](O)(C[C@@H]3O[C@H]3C[C@H](N)[C@H](O)[C@H](C)O3)C(=O)CO)C(O)=C1C2=O,543.5250000000002,206.06999999999996,12,6,5,0.0012999999999995238
82,33,88,ModifiedUSP-4,6.0,45.0,39.2,0.125,SUV,88.0,0.12,,1,doxorubicin,COC1=CC=CC2=C1C(=O)C1=C(O)C3=C(C[C@](O)(C[C@@H]3O[C@H]3C[C@H](N)[C@H](O)[C@H](C)O3)C(=O)CO)C(O)=C1C2=O,543.5250000000002,206.06999999999996,12,6,5,0.0012999999999995238
83,35,89,Dialysis,6.6,45.0,19.6,0.125,SUV,99.0,0.15,-14.06,1,doxorubicin,COC1=CC=CC2=C1C(=O)C1=C(O)C3=C(C[C@](O)(C[C@@H]3O[C@H]3C[C@H](N)[C@H](O)[C@H](C)O3)C(=O)CO)C(O)=C1C2=O,543.5250000000002,206.06999999999996,12,6,5,0.0012999999999995238
84,34,90,Dialysis,6.6,45.0,19.6,0.125,SUV,87.0,0.13,-12.23,1,doxorubicin,COC1=CC=CC2=C1C(=O)C1=C(O)C3=C(C[C@](O)(C[C@@H]3O[C@H]3C[C@H](N)[C@H](O)[C@H](C)O3)C(=O)CO)C(O)=C1C2=O,543.5250000000002,206.06999999999996,12,6,5,0.0012999999999995238
85,37,91,Dialysis,6.6,45.0,19.6,0.125,SUV,101.0,0.14,-16.36,1,doxorubicin,COC1=CC=CC2=C1C(=O)C1=C(O)C3=C(C[C@](O)(C[C@@H]3O[C@H]3C[C@H](N)[C@H](O)[C@H](C)O3)C(=O)CO)C(O)=C1C2=O,543.5250000000002,206.06999999999996,12,6,5,0.0012999999999995238
86,36,92,Dialysis,6.6,45.0,19.6,0.125,SUV,101.0,0.15,-15.84,1,doxorubicin,COC1=CC=CC2=C1C(=O)C1=C(O)C3=C(C[C@](O)(C[C@@H]3O[C@H]3C[C@H](N)[C@H](O)[C@H](C)O3)C(=O)CO)C(O)=C1C2=O,543.5250000000002,206.06999999999996,12,6,5,0.0012999999999995238
87,26,93,Dialysis,7.4,37.0,20.0,0.125,LUV,111.0,0.2,-13.0,1,doxorubicin,COC1=CC=CC2=C1C(=O)C1=C(O)C3=C(C[C@](O)(C[C@@H]3O[C@H]3C[C@H](N)[C@H](O)[C@H](C)O3)C(=O)CO)C(O)=C1C2=O,543.5250000000002,206.06999999999996,12,6,5,0.0012999999999995238
88,27,94,Dialysis,7.4,37.0,20.0,0.125,SUV,87.0,0.15,-14.0,1,doxorubicin,COC1=CC=CC2=C1C(=O)C1=C(O)C3=C(C[C@](O)(C[C@@H]3O[C@H]3C[C@H](N)[C@H](O)[C@H](C)O3)C(=O)CO)C(O)=C1C2=O,543.5250000000002,206.06999999999996,12,6,5,0.0012999999999995238
89,28,95,Dialysis,7.4,37.0,20.0,0.125,SUV,93.0,0.14,-14.0,1,doxorubicin,COC1=CC=CC2=C1C(=O)C1=C(O)C3=C(C[C@](O)(C[C@@H]3O[C@H]3C[C@H](N)[C@H](O)[C@H](C)O3)C(=O)CO)C(O)=C1C2=O,543.5250000000002,206.06999999999996,12,6,5,0.0012999999999995238
90,26,96,Dialysis,7.4,37.0,20.0,0.125,LUV,111.0,0.2,-13.0,1,doxorubicin,COC1=CC=CC2=C1C(=O)C1=C(O)C3=C(C[C@](O)(C[C@@H]3O[C@H]3C[C@H](N)[C@H](O)[C@H](C)O3)C(=O)CO)C(O)=C1C2=O,543.5250000000002,206.06999999999996,12,6,5,0.0012999999999995238
91,27,97,Dialysis,7.4,37.0,20.0,0.125,SUV,87.0,0.15,-14.0,1,doxorubicin,COC1=CC=CC2=C1C(=O)C1=C(O)C3=C(C[C@](O)(C[C@@H]3O[C@H]3C[C@H](N)[C@H](O)[C@H](C)O3)C(=O)CO)C(O)=C1C2=O,543.5250000000002,206.06999999999996,12,6,5,0.0012999999999995238
92,29,98,Dialysis,6.6,45.0,19.6,0.125,LUV,118.0,0.11,,1,doxorubicin,COC1=CC=CC2=C1C(=O)C1=C(O)C3=C(C[C@](O)(C[C@@H]3O[C@H]3C[C@H](N)[C@H](O)[C@H](C)O3)C(=O)CO)C(O)=C1C2=O,543.5250000000002,206.06999999999996,12,6,5,0.0012999999999995238
93,35,99,Dialysis,6.6,45.0,19.6,0.125,SUV,99.0,0.15,-14.06,1,doxorubicin,COC1=CC=CC2=C1C(=O)C1=C(O)C3=C(C[C@](O)(C[C@@H]3O[C@H]3C[C@H](N)[C@H](O)[C@H](C)O3)C(=O)CO)C(O)=C1C2=O,543.5250000000002,206.06999999999996,12,6,5,0.0012999999999995238
94,37,100,Dialysis,6.6,45.0,19.6,0.125,SUV,101.0,0.14,-16.36,1,doxorubicin,COC1=CC=CC2=C1C(=O)C1=C(O)C3=C(C[C@](O)(C[C@@H]3O[C@H]3C[C@H](N)[C@H](O)[C@H](C)O3)C(=O)CO)C(O)=C1C2=O,543.5250000000002,206.06999999999996,12,6,5,0.0012999999999995238
95,38,101,ModifiedUSP-4,7.4,55.0,78.4,0.14,SUV,100.4,0.136,-40.15,2,amphotericin B,[H][C@]12C[C@@H](O[C@@H]3O[C@H](C)[C@@H](O)[C@H](N)[C@@H]3O)\C=C\C=C\C=C\C=C\C=C\C=C\C=C\[C@H](C)[C@@H](O)[C@@H](C)[C@H](C)OC(=O)C[C@H](O)C[C@H](O)CC[C@@H](O)[C@H](O)C[C@H](O)C[C@](O)(C[C@H](O)[C@H]1C(O)=O)O2,924.0910000000001,319.60999999999996,17,12,3,0.7117000000000057
96,39,102,ModifiedUSP-4,7.4,55.0,78.4,0.15,LUV,112.3,0.191,-36.45,2,amphotericin B,[H][C@]12C[C@@H](O[C@@H]3O[C@H](C)[C@@H](O)[C@H](N)[C@@H]3O)\C=C\C=C\C=C\C=C\C=C\C=C\C=C\[C@H](C)[C@@H](O)[C@@H](C)[C@H](C)OC(=O)C[C@H](O)C[C@H](O)CC[C@@H](O)[C@H](O)C[C@H](O)C[C@](O)(C[C@H](O)[C@H]1C(O)=O)O2,924.0910000000001,319.60999999999996,17,12,3,0.7117000000000057
97,40,103,ModifiedUSP-4,7.4,55.0,78.4,0.13,LUV,104.5,0.105,-32.7,2,amphotericin B,[H][C@]12C[C@@H](O[C@@H]3O[C@H](C)[C@@H](O)[C@H](N)[C@@H]3O)\C=C\C=C\C=C\C=C\C=C\C=C\C=C\[C@H](C)[C@@H](O)[C@@H](C)[C@H](C)OC(=O)C[C@H](O)C[C@H](O)CC[C@@H](O)[C@H](O)C[C@H](O)C[C@](O)(C[C@H](O)[C@H]1C(O)=O)O2,924.0910000000001,319.60999999999996,17,12,3,0.7117000000000057
98,42,105,ModifiedUSP-4,7.4,55.0,78.4,0.14,SUV,98.9,0.217,-28.0,2,amphotericin B,[H][C@]12C[C@@H](O[C@@H]3O[C@H](C)[C@@H](O)[C@H](N)[C@@H]3O)\C=C\C=C\C=C\C=C\C=C\C=C\C=C\[C@H](C)[C@@H](O)[C@@H](C)[C@H](C)OC(=O)C[C@H](O)C[C@H](O)CC[C@@H](O)[C@H](O)C[C@H](O)C[C@](O)(C[C@H](O)[C@H]1C(O)=O)O2,924.0910000000001,319.60999999999996,17,12,3,0.7117000000000057
99,43,106,Float A Lyzer,7.4,45.0,1.5,0.14,LUV,102.0,0.167,,2,amphotericin B,[H][C@]12C[C@@H](O[C@@H]3O[C@H](C)[C@@H](O)[C@H](N)[C@@H]3O)\C=C\C=C\C=C\C=C\C=C\C=C\C=C\[C@H](C)[C@@H](O)[C@@H](C)[C@H](C)OC(=O)C[C@H](O)C[C@H](O)CC[C@@H](O)[C@H](O)C[C@H](O)C[C@](O)(C[C@H](O)[C@H]1C(O)=O)O2,924.0910000000001,319.60999999999996,17,12,3,0.7117000000000057
100,43,107,Float A Lyzer,7.4,55.0,1.5,0.14,LUV,102.0,0.167,,2,amphotericin B,[H][C@]12C[C@@H](O[C@@H]3O[C@H](C)[C@@H](O)[C@H](N)[C@@H]3O)\C=C\C=C\C=C\C=C\C=C\C=C\C=C\[C@H](C)[C@@H](O)[C@@H](C)[C@H](C)OC(=O)C[C@H](O)C[C@H](O)CC[C@@H](O)[C@H](O)C[C@H](O)C[C@](O)(C[C@H](O)[C@H]1C(O)=O)O2,924.0910000000001,319.60999999999996,17,12,3,0.7117000000000057
101,43,108,Float A Lyzer,7.4,60.0,1.5,0.14,LUV,102.0,0.167,,2,amphotericin B,[H][C@]12C[C@@H](O[C@@H]3O[C@H](C)[C@@H](O)[C@H](N)[C@@H]3O)\C=C\C=C\C=C\C=C\C=C\C=C\C=C\[C@H](C)[C@@H](O)[C@@H](C)[C@H](C)OC(=O)C[C@H](O)C[C@H](O)CC[C@@H](O)[C@H](O)C[C@H](O)C[C@](O)(C[C@H](O)[C@H]1C(O)=O)O2,924.0910000000001,319.60999999999996,17,12,3,0.7117000000000057
102,43,109,Float A Lyzer,7.4,45.0,1.5,0.14,LUV,102.0,0.167,,2,amphotericin B,[H][C@]12C[C@@H](O[C@@H]3O[C@H](C)[C@@H](O)[C@H](N)[C@@H]3O)\C=C\C=C\C=C\C=C\C=C\C=C\C=C\[C@H](C)[C@@H](O)[C@@H](C)[C@H](C)OC(=O)C[C@H](O)C[C@H](O)CC[C@@H](O)[C@H](O)C[C@H](O)C[C@](O)(C[C@H](O)[C@H]1C(O)=O)O2,924.0910000000001,319.60999999999996,17,12,3,0.7117000000000057
103,43,110,Float A Lyzer,7.4,45.0,1.5,0.14,LUV,102.0,0.167,,2,amphotericin B,[H][C@]12C[C@@H](O[C@@H]3O[C@H](C)[C@@H](O)[C@H](N)[C@@H]3O)\C=C\C=C\C=C\C=C\C=C\C=C\C=C\[C@H](C)[C@@H](O)[C@@H](C)[C@H](C)OC(=O)C[C@H](O)C[C@H](O)CC[C@@H](O)[C@H](O)C[C@H](O)C[C@](O)(C[C@H](O)[C@H]1C(O)=O)O2,924.0910000000001,319.60999999999996,17,12,3,0.7117000000000057
104,43,111,Float A Lyzer,7.4,45.0,1.5,0.14,LUV,102.0,0.167,,2,amphotericin B,[H][C@]12C[C@@H](O[C@@H]3O[C@H](C)[C@@H](O)[C@H](N)[C@@H]3O)\C=C\C=C\C=C\C=C\C=C\C=C\C=C\[C@H](C)[C@@H](O)[C@@H](C)[C@H](C)OC(=O)C[C@H](O)C[C@H](O)CC[C@@H](O)[C@H](O)C[C@H](O)C[C@](O)(C[C@H](O)[C@H]1C(O)=O)O2,924.0910000000001,319.60999999999996,17,12,3,0.7117000000000057
105,43,112,ModifiedUSP-4,7.4,55.0,78.4,0.14,LUV,102.0,0.167,,2,amphotericin B,[H][C@]12C[C@@H](O[C@@H]3O[C@H](C)[C@@H](O)[C@H](N)[C@@H]3O)\C=C\C=C\C=C\C=C\C=C\C=C\C=C\[C@H](C)[C@@H](O)[C@@H](C)[C@H](C)OC(=O)C[C@H](O)C[C@H](O)CC[C@@H](O)[C@H](O)C[C@H](O)C[C@](O)(C[C@H](O)[C@H]1C(O)=O)O2,924.0910000000001,319.60999999999996,17,12,3,0.7117000000000057
106,47,113,ModifiedUSP-4,7.4,55.0,78.4,0.14,SUV,100.0,0.118,,2,amphotericin B,[H][C@]12C[C@@H](O[C@@H]3O[C@H](C)[C@@H](O)[C@H](N)[C@@H]3O)\C=C\C=C\C=C\C=C\C=C\C=C\C=C\[C@H](C)[C@@H](O)[C@@H](C)[C@H](C)OC(=O)C[C@H](O)C[C@H](O)CC[C@@H](O)[C@H](O)C[C@H](O)C[C@](O)(C[C@H](O)[C@H]1C(O)=O)O2,924.0910000000001,319.60999999999996,17,12,3,0.7117000000000057
107,48,114,ModifiedUSP-4,7.4,55.0,78.4,0.14,SUV,95.3,0.089,,2,amphotericin B,[H][C@]12C[C@@H](O[C@@H]3O[C@H](C)[C@@H](O)[C@H](N)[C@@H]3O)\C=C\C=C\C=C\C=C\C=C\C=C\C=C\[C@H](C)[C@@H](O)[C@@H](C)[C@H](C)OC(=O)C[C@H](O)C[C@H](O)CC[C@@H](O)[C@H](O)C[C@H](O)C[C@](O)(C[C@H](O)[C@H]1C(O)=O)O2,924.0910000000001,319.60999999999996,17,12,3,0.7117000000000057
108,43,115,ModifiedUSP-4,7.4,55.0,78.4,0.14,LUV,102.0,0.167,,2,amphotericin B,[H][C@]12C[C@@H](O[C@@H]3O[C@H](C)[C@@H](O)[C@H](N)[C@@H]3O)\C=C\C=C\C=C\C=C\C=C\C=C\C=C\[C@H](C)[C@@H](O)[C@@H](C)[C@H](C)OC(=O)C[C@H](O)C[C@H](O)CC[C@@H](O)[C@H](O)C[C@H](O)C[C@](O)(C[C@H](O)[C@H]1C(O)=O)O2,924.0910000000001,319.60999999999996,17,12,3,0.7117000000000057
109,43,116,ModifiedUSP-4,7.4,55.0,78.4,0.14,LUV,102.0,0.167,,2,amphotericin B,[H][C@]12C[C@@H](O[C@@H]3O[C@H](C)[C@@H](O)[C@H](N)[C@@H]3O)\C=C\C=C\C=C\C=C\C=C\C=C\C=C\[C@H](C)[C@@H](O)[C@@H](C)[C@H](C)OC(=O)C[C@H](O)C[C@H](O)CC[C@@H](O)[C@H](O)C[C@H](O)C[C@](O)(C[C@H](O)[C@H]1C(O)=O)O2,924.0910000000001,319.60999999999996,17,12,3,0.7117000000000057
110,43,117,ModifiedUSP-4,7.4,55.0,78.4,0.14,LUV,102.0,0.167,,2,amphotericin B,[H][C@]12C[C@@H](O[C@@H]3O[C@H](C)[C@@H](O)[C@H](N)[C@@H]3O)\C=C\C=C\C=C\C=C\C=C\C=C\C=C\[C@H](C)[C@@H](O)[C@@H](C)[C@H](C)OC(=O)C[C@H](O)C[C@H](O)CC[C@@H](O)[C@H](O)C[C@H](O)C[C@](O)(C[C@H](O)[C@H]1C(O)=O)O2,924.0910000000001,319.60999999999996,17,12,3,0.7117000000000057
111,44,118,ModifiedUSP-4,7.4,55.0,78.4,0.14,LUV,117.4,0.116,,2,amphotericin B,[H][C@]12C[C@@H](O[C@@H]3O[C@H](C)[C@@H](O)[C@H](N)[C@@H]3O)\C=C\C=C\C=C\C=C\C=C\C=C\C=C\[C@H](C)[C@@H](O)[C@@H](C)[C@H](C)OC(=O)C[C@H](O)C[C@H](O)CC[C@@H](O)[C@H](O)C[C@H](O)C[C@](O)(C[C@H](O)[C@H]1C(O)=O)O2,924.0910000000001,319.60999999999996,17,12,3,0.7117000000000057
112,45,119,ModifiedUSP-4,7.4,55.0,78.4,0.14,LUV,115.8,0.256,,2,amphotericin B,[H][C@]12C[C@@H](O[C@@H]3O[C@H](C)[C@@H](O)[C@H](N)[C@@H]3O)\C=C\C=C\C=C\C=C\C=C\C=C\C=C\[C@H](C)[C@@H](O)[C@@H](C)[C@H](C)OC(=O)C[C@H](O)C[C@H](O)CC[C@@H](O)[C@H](O)C[C@H](O)C[C@](O)(C[C@H](O)[C@H]1C(O)=O)O2,924.0910000000001,319.60999999999996,17,12,3,0.7117000000000057
113,46,120,ModifiedUSP-4,7.4,55.0,78.4,0.14,SUV,88.6,0.19,,2,amphotericin B,[H][C@]12C[C@@H](O[C@@H]3O[C@H](C)[C@@H](O)[C@H](N)[C@@H]3O)\C=C\C=C\C=C\C=C\C=C\C=C\C=C\[C@H](C)[C@@H](O)[C@@H](C)[C@H](C)OC(=O)C[C@H](O)C[C@H](O)CC[C@@H](O)[C@H](O)C[C@H](O)C[C@](O)(C[C@H](O)[C@H]1C(O)=O)O2,924.0910000000001,319.60999999999996,17,12,3,0.7117000000000057
114,43,121,ModifiedUSP-4,7.4,55.0,78.4,0.14,LUV,102.0,0.167,,2,amphotericin B,[H][C@]12C[C@@H](O[C@@H]3O[C@H](C)[C@@H](O)[C@H](N)[C@@H]3O)\C=C\C=C\C=C\C=C\C=C\C=C\C=C\[C@H](C)[C@@H](O)[C@@H](C)[C@H](C)OC(=O)C[C@H](O)C[C@H](O)CC[C@@H](O)[C@H](O)C[C@H](O)C[C@](O)(C[C@H](O)[C@H]1C(O)=O)O2,924.0910000000001,319.60999999999996,17,12,3,0.7117000000000057
115,43,122,Float A Lyzer,7.4,55.0,1.5,0.14,LUV,102.0,0.167,,2,amphotericin B,[H][C@]12C[C@@H](O[C@@H]3O[C@H](C)[C@@H](O)[C@H](N)[C@@H]3O)\C=C\C=C\C=C\C=C\C=C\C=C\C=C\[C@H](C)[C@@H](O)[C@@H](C)[C@H](C)OC(=O)C[C@H](O)C[C@H](O)CC[C@@H](O)[C@H](O)C[C@H](O)C[C@](O)(C[C@H](O)[C@H]1C(O)=O)O2,924.0910000000001,319.60999999999996,17,12,3,0.7117000000000057
116,43,123,Float A Lyzer,7.4,55.0,1.5,0.14,LUV,102.0,0.167,,2,amphotericin B,[H][C@]12C[C@@H](O[C@@H]3O[C@H](C)[C@@H](O)[C@H](N)[C@@H]3O)\C=C\C=C\C=C\C=C\C=C\C=C\C=C\[C@H](C)[C@@H](O)[C@@H](C)[C@H](C)OC(=O)C[C@H](O)C[C@H](O)CC[C@@H](O)[C@H](O)C[C@H](O)C[C@](O)(C[C@H](O)[C@H]1C(O)=O)O2,924.0910000000001,319.60999999999996,17,12,3,0.7117000000000057
117,43,124,Float A Lyzer,7.4,55.0,1.5,0.14,LUV,102.0,0.167,,2,amphotericin B,[H][C@]12C[C@@H](O[C@@H]3O[C@H](C)[C@@H](O)[C@H](N)[C@@H]3O)\C=C\C=C\C=C\C=C\C=C\C=C\C=C\[C@H](C)[C@@H](O)[C@@H](C)[C@H](C)OC(=O)C[C@H](O)C[C@H](O)CC[C@@H](O)[C@H](O)C[C@H](O)C[C@](O)(C[C@H](O)[C@H]1C(O)=O)O2,924.0910000000001,319.60999999999996,17,12,3,0.7117000000000057
118,43,125,Float A Lyzer,7.4,55.0,1.5,0.14,LUV,102.0,0.167,,2,amphotericin B,[H][C@]12C[C@@H](O[C@@H]3O[C@H](C)[C@@H](O)[C@H](N)[C@@H]3O)\C=C\C=C\C=C\C=C\C=C\C=C\C=C\[C@H](C)[C@@H](O)[C@@H](C)[C@H](C)OC(=O)C[C@H](O)C[C@H](O)CC[C@@H](O)[C@H](O)C[C@H](O)C[C@](O)(C[C@H](O)[C@H]1C(O)=O)O2,924.0910000000001,319.60999999999996,17,12,3,0.7117000000000057
119,49,126,ModifiedUSP-4,7.4,55.0,80.0,,SUV,120.0,,,2,amphotericin B,[H][C@]12C[C@@H](O[C@@H]3O[C@H](C)[C@@H](O)[C@H](N)[C@@H]3O)\C=C\C=C\C=C\C=C\C=C\C=C\C=C\[C@H](C)[C@@H](O)[C@@H](C)[C@H](C)OC(=O)C[C@H](O)C[C@H](O)CC[C@@H](O)[C@H](O)C[C@H](O)C[C@](O)(C[C@H](O)[C@H]1C(O)=O)O2,924.0910000000001,319.60999999999996,17,12,3,0.7117000000000057
120,50,127,ModifiedUSP-4,,,,0.14,SUV,,,,2,amphotericin B,[H][C@]12C[C@@H](O[C@@H]3O[C@H](C)[C@@H](O)[C@H](N)[C@@H]3O)\C=C\C=C\C=C\C=C\C=C\C=C\C=C\[C@H](C)[C@@H](O)[C@@H](C)[C@H](C)OC(=O)C[C@H](O)C[C@H](O)CC[C@@H](O)[C@H](O)C[C@H](O)C[C@](O)(C[C@H](O)[C@H]1C(O)=O)O2,924.0910000000001,319.60999999999996,17,12,3,0.7117000000000057
121,50,131,ModifiedUSP-4,,,,0.14,SUV,,,,2,amphotericin B,[H][C@]12C[C@@H](O[C@@H]3O[C@H](C)[C@@H](O)[C@H](N)[C@@H]3O)\C=C\C=C\C=C\C=C\C=C\C=C\C=C\[C@H](C)[C@@H](O)[C@@H](C)[C@H](C)OC(=O)C[C@H](O)C[C@H](O)CC[C@@H](O)[C@H](O)C[C@H](O)C[C@](O)(C[C@H](O)[C@H]1C(O)=O)O2,924.0910000000001,319.60999999999996,17,12,3,0.7117000000000057
122,50,132,ModifiedUSP-4,,,,0.14,SUV,,,,2,amphotericin B,[H][C@]12C[C@@H](O[C@@H]3O[C@H](C)[C@@H](O)[C@H](N)[C@@H]3O)\C=C\C=C\C=C\C=C\C=C\C=C\C=C\[C@H](C)[C@@H](O)[C@@H](C)[C@H](C)OC(=O)C[C@H](O)C[C@H](O)CC[C@@H](O)[C@H](O)C[C@H](O)C[C@](O)(C[C@H](O)[C@H]1C(O)=O)O2,924.0910000000001,319.60999999999996,17,12,3,0.7117000000000057
123,50,133,ModifiedUSP-4,,,,0.14,SUV,,,,2,amphotericin B,[H][C@]12C[C@@H](O[C@@H]3O[C@H](C)[C@@H](O)[C@H](N)[C@@H]3O)\C=C\C=C\C=C\C=C\C=C\C=C\C=C\[C@H](C)[C@@H](O)[C@@H](C)[C@H](C)OC(=O)C[C@H](O)C[C@H](O)CC[C@@H](O)[C@H](O)C[C@H](O)C[C@](O)(C[C@H](O)[C@H]1C(O)=O)O2,924.0910000000001,319.60999999999996,17,12,3,0.7117000000000057
124,50,134,Sample and Separate,,37.0,30.0,0.14,SUV,,,,2,amphotericin B,[H][C@]12C[C@@H](O[C@@H]3O[C@H](C)[C@@H](O)[C@H](N)[C@@H]3O)\C=C\C=C\C=C\C=C\C=C\C=C\C=C\[C@H](C)[C@@H](O)[C@@H](C)[C@H](C)OC(=O)C[C@H](O)C[C@H](O)CC[C@@H](O)[C@H](O)C[C@H](O)C[C@](O)(C[C@H](O)[C@H]1C(O)=O)O2,924.0910000000001,319.60999999999996,17,12,3,0.7117000000000057
125,50,135,Sample and Separate,,37.0,30.0,0.14,SUV,,,,2,amphotericin B,[H][C@]12C[C@@H](O[C@@H]3O[C@H](C)[C@@H](O)[C@H](N)[C@@H]3O)\C=C\C=C\C=C\C=C\C=C\C=C\C=C\[C@H](C)[C@@H](O)[C@@H](C)[C@H](C)OC(=O)C[C@H](O)C[C@H](O)CC[C@@H](O)[C@H](O)C[C@H](O)C[C@](O)(C[C@H](O)[C@H]1C(O)=O)O2,924.0910000000001,319.60999999999996,17,12,3,0.7117000000000057
126,50,136,Sample and Separate,,37.0,30.0,0.14,SUV,,,,2,amphotericin B,[H][C@]12C[C@@H](O[C@@H]3O[C@H](C)[C@@H](O)[C@H](N)[C@@H]3O)\C=C\C=C\C=C\C=C\C=C\C=C\C=C\[C@H](C)[C@@H](O)[C@@H](C)[C@H](C)OC(=O)C[C@H](O)C[C@H](O)CC[C@@H](O)[C@H](O)C[C@H](O)C[C@](O)(C[C@H](O)[C@H]1C(O)=O)O2,924.0910000000001,319.60999999999996,17,12,3,0.7117000000000057
127,50,137,Sample and Separate,,37.0,30.0,0.14,SUV,,,,2,amphotericin B,[H][C@]12C[C@@H](O[C@@H]3O[C@H](C)[C@@H](O)[C@H](N)[C@@H]3O)\C=C\C=C\C=C\C=C\C=C\C=C\C=C\[C@H](C)[C@@H](O)[C@@H](C)[C@H](C)OC(=O)C[C@H](O)C[C@H](O)CC[C@@H](O)[C@H](O)C[C@H](O)C[C@](O)(C[C@H](O)[C@H]1C(O)=O)O2,924.0910000000001,319.60999999999996,17,12,3,0.7117000000000057
128,50,138,Sample and Separate,,37.0,30.0,0.14,SUV,,,,2,amphotericin B,[H][C@]12C[C@@H](O[C@@H]3O[C@H](C)[C@@H](O)[C@H](N)[C@@H]3O)\C=C\C=C\C=C\C=C\C=C\C=C\C=C\[C@H](C)[C@@H](O)[C@@H](C)[C@H](C)OC(=O)C[C@H](O)C[C@H](O)CC[C@@H](O)[C@H](O)C[C@H](O)C[C@](O)(C[C@H](O)[C@H]1C(O)=O)O2,924.0910000000001,319.60999999999996,17,12,3,0.7117000000000057
129,50,139,Sample and Separate,,37.0,30.0,0.14,SUV,,,,2,amphotericin B,[H][C@]12C[C@@H](O[C@@H]3O[C@H](C)[C@@H](O)[C@H](N)[C@@H]3O)\C=C\C=C\C=C\C=C\C=C\C=C\C=C\[C@H](C)[C@@H](O)[C@@H](C)[C@H](C)OC(=O)C[C@H](O)C[C@H](O)CC[C@@H](O)[C@H](O)C[C@H](O)C[C@](O)(C[C@H](O)[C@H]1C(O)=O)O2,924.0910000000001,319.60999999999996,17,12,3,0.7117000000000057
130,50,140,Sample and Separate,,37.0,30.0,0.14,SUV,,,,2,amphotericin B,[H][C@]12C[C@@H](O[C@@H]3O[C@H](C)[C@@H](O)[C@H](N)[C@@H]3O)\C=C\C=C\C=C\C=C\C=C\C=C\C=C\[C@H](C)[C@@H](O)[C@@H](C)[C@H](C)OC(=O)C[C@H](O)C[C@H](O)CC[C@@H](O)[C@H](O)C[C@H](O)C[C@](O)(C[C@H](O)[C@H]1C(O)=O)O2,924.0910000000001,319.60999999999996,17,12,3,0.7117000000000057
131,50,141,Sample and Separate,,37.0,30.0,0.14,SUV,,,,2,amphotericin B,[H][C@]12C[C@@H](O[C@@H]3O[C@H](C)[C@@H](O)[C@H](N)[C@@H]3O)\C=C\C=C\C=C\C=C\C=C\C=C\C=C\[C@H](C)[C@@H](O)[C@@H](C)[C@H](C)OC(=O)C[C@H](O)C[C@H](O)CC[C@@H](O)[C@H](O)C[C@H](O)C[C@](O)(C[C@H](O)[C@H]1C(O)=O)O2,924.0910000000001,319.60999999999996,17,12,3,0.7117000000000057
132,54,173,Dialysis,7.4,37.0,15.0,0.05,LUV,135.0,0.27,-18.0,4,methotrexate,CN(CC1=CN=C2N=C(N)N=C(N)C2=N1)C1=CC=C(C=C1)C(=O)N[C@@H](CCC(O)=O)C(O)=O,454.44700000000023,210.53999999999996,10,5,9,0.2684000000000003
133,55,174,Dialysis,7.4,37.0,15.0,0.05,LUV,200.0,0.25,-10.0,4,methotrexate,CN(CC1=CN=C2N=C(N)N=C(N)C2=N1)C1=CC=C(C=C1)C(=O)N[C@@H](CCC(O)=O)C(O)=O,454.44700000000023,210.53999999999996,10,5,9,0.2684000000000003
134,56,175,self-quenching,,42.4,0.49,0.19,LUV,168.0,0.05,-22.5,5,carboxyfluorescein,OC(=O)C(C=C(C1C(O)=O)C(C(C=C2)C(O3)C=C2O)=C(C=CC2=O)C3=C2)=CC=1,378.3360000000001,121.13,5,3,3,2.8861000000000008
135,57,176,self-quenching,,40.9,0.49,0.2,LUV,141.0,0.05,-2.0,5,carboxyfluorescein,OC(=O)C(C=C(C1C(O)=O)C(C(C=C2)C(O3)C=C2O)=C(C=CC2=O)C3=C2)=CC=1,378.3360000000001,121.13,5,3,3,2.8861000000000008
136,58,177,self-quenching,,43.1,0.49,0.17,LUV,170.0,0.06,0.1,5,carboxyfluorescein,OC(=O)C(C=C(C1C(O)=O)C(C(C=C2)C(O3)C=C2O)=C(C=CC2=O)C3=C2)=CC=1,378.3360000000001,121.13,5,3,3,2.8861000000000008
137,59,178,self-quenching,,43.6,0.49,0.21,LUV,153.0,0.31,1.3,5,carboxyfluorescein,OC(=O)C(C=C(C1C(O)=O)C(C(C=C2)C(O3)C=C2O)=C(C=CC2=O)C3=C2)=CC=1,378.3360000000001,121.13,5,3,3,2.8861000000000008
138,60,179,self-quenching,,43.7,0.49,0.21,LUV,141.0,0.1,1.2,5,carboxyfluorescein,OC(=O)C(C=C(C1C(O)=O)C(C(C=C2)C(O3)C=C2O)=C(C=CC2=O)C3=C2)=CC=1,378.3360000000001,121.13,5,3,3,2.8861000000000008
139,61,180,self-quenching,7.4,37.0,3.0,0.12,,,,,1,doxorubicin,COC1=CC=CC2=C1C(=O)C1=C(O)C3=C(C[C@](O)(C[C@@H]3O[C@H]3C[C@H](N)[C@H](O)[C@H](C)O3)C(=O)CO)C(O)=C1C2=O,543.5250000000002,206.06999999999996,12,6,5,0.0012999999999995238
140,61,181,self-quenching,7.4,38.0,3.0,0.12,,,,,1,doxorubicin,COC1=CC=CC2=C1C(=O)C1=C(O)C3=C(C[C@](O)(C[C@@H]3O[C@H]3C[C@H](N)[C@H](O)[C@H](C)O3)C(=O)CO)C(O)=C1C2=O,543.5250000000002,206.06999999999996,12,6,5,0.0012999999999995238
141,61,182,self-quenching,7.4,39.0,3.0,0.12,,,,,1,doxorubicin,COC1=CC=CC2=C1C(=O)C1=C(O)C3=C(C[C@](O)(C[C@@H]3O[C@H]3C[C@H](N)[C@H](O)[C@H](C)O3)C(=O)CO)C(O)=C1C2=O,543.5250000000002,206.06999999999996,12,6,5,0.0012999999999995238
142,61,183,self-quenching,7.4,40.0,3.0,0.12,,,,,1,doxorubicin,COC1=CC=CC2=C1C(=O)C1=C(O)C3=C(C[C@](O)(C[C@@H]3O[C@H]3C[C@H](N)[C@H](O)[C@H](C)O3)C(=O)CO)C(O)=C1C2=O,543.5250000000002,206.06999999999996,12,6,5,0.0012999999999995238
143,61,184,self-quenching,7.4,41.0,3.0,0.12,,,,,1,doxorubicin,COC1=CC=CC2=C1C(=O)C1=C(O)C3=C(C[C@](O)(C[C@@H]3O[C@H]3C[C@H](N)[C@H](O)[C@H](C)O3)C(=O)CO)C(O)=C1C2=O,543.5250000000002,206.06999999999996,12,6,5,0.0012999999999995238
144,61,185,self-quenching,7.4,42.0,3.0,0.12,,,,,1,doxorubicin,COC1=CC=CC2=C1C(=O)C1=C(O)C3=C(C[C@](O)(C[C@@H]3O[C@H]3C[C@H](N)[C@H](O)[C@H](C)O3)C(=O)CO)C(O)=C1C2=O,543.5250000000002,206.06999999999996,12,6,5,0.0012999999999995238
145,61,186,self-quenching,,37.0,3.0,0.12,,,,,1,doxorubicin,COC1=CC=CC2=C1C(=O)C1=C(O)C3=C(C[C@](O)(C[C@@H]3O[C@H]3C[C@H](N)[C@H](O)[C@H](C)O3)C(=O)CO)C(O)=C1C2=O,543.5250000000002,206.06999999999996,12,6,5,0.0012999999999995238
146,61,187,self-quenching,,38.0,3.0,0.12,,,,,1,doxorubicin,COC1=CC=CC2=C1C(=O)C1=C(O)C3=C(C[C@](O)(C[C@@H]3O[C@H]3C[C@H](N)[C@H](O)[C@H](C)O3)C(=O)CO)C(O)=C1C2=O,543.5250000000002,206.06999999999996,12,6,5,0.0012999999999995238
147,61,188,self-quenching,,39.0,3.0,0.12,,,,,1,doxorubicin,COC1=CC=CC2=C1C(=O)C1=C(O)C3=C(C[C@](O)(C[C@@H]3O[C@H]3C[C@H](N)[C@H](O)[C@H](C)O3)C(=O)CO)C(O)=C1C2=O,543.5250000000002,206.06999999999996,12,6,5,0.0012999999999995238
148,61,189,self-quenching,,40.0,3.0,0.12,,,,,1,doxorubicin,COC1=CC=CC2=C1C(=O)C1=C(O)C3=C(C[C@](O)(C[C@@H]3O[C@H]3C[C@H](N)[C@H](O)[C@H](C)O3)C(=O)CO)C(O)=C1C2=O,543.5250000000002,206.06999999999996,12,6,5,0.0012999999999995238
149,61,190,self-quenching,,41.0,3.0,0.12,,,,,1,doxorubicin,COC1=CC=CC2=C1C(=O)C1=C(O)C3=C(C[C@](O)(C[C@@H]3O[C@H]3C[C@H](N)[C@H](O)[C@H](C)O3)C(=O)CO)C(O)=C1C2=O,543.5250000000002,206.06999999999996,12,6,5,0.0012999999999995238
150,61,191,self-quenching,,42.0,3.0,0.12,,,,,1,doxorubicin,COC1=CC=CC2=C1C(=O)C1=C(O)C3=C(C[C@](O)(C[C@@H]3O[C@H]3C[C@H](N)[C@H](O)[C@H](C)O3)C(=O)CO)C(O)=C1C2=O,543.5250000000002,206.06999999999996,12,6,5,0.0012999999999995238
151,62,192,self-quenching,,37.0,0.49,0.17,LUV,170.0,,0.1,5,carboxyfluorescein,OC(=O)C(C=C(C1C(O)=O)C(C(C=C2)C(O3)C=C2O)=C(C=CC2=O)C3=C2)=CC=1,378.3360000000001,121.13,5,3,3,2.8861000000000008
152,63,193,self-quenching,,37.0,0.49,0.17,LUV,169.0,,-33.1,5,carboxyfluorescein,OC(=O)C(C=C(C1C(O)=O)C(C(C=C2)C(O3)C=C2O)=C(C=CC2=O)C3=C2)=CC=1,378.3360000000001,121.13,5,3,3,2.8861000000000008
153,64,194,self-quenching,,37.0,0.49,0.13,LUV,174.0,,-38.6,5,carboxyfluorescein,OC(=O)C(C=C(C1C(O)=O)C(C(C=C2)C(O3)C=C2O)=C(C=CC2=O)C3=C2)=CC=1,378.3360000000001,121.13,5,3,3,2.8861000000000008
154,65,195,self-quenching,,37.0,0.49,0.17,LUV,170.0,,-37.4,5,carboxyfluorescein,OC(=O)C(C=C(C1C(O)=O)C(C(C=C2)C(O3)C=C2O)=C(C=CC2=O)C3=C2)=CC=1,378.3360000000001,121.13,5,3,3,2.8861000000000008
155,66,196,self-quenching,,37.0,0.49,0.19,LUV,176.0,,-25.2,5,carboxyfluorescein,OC(=O)C(C=C(C1C(O)=O)C(C(C=C2)C(O3)C=C2O)=C(C=CC2=O)C3=C2)=CC=1,378.3360000000001,121.13,5,3,3,2.8861000000000008
156,62,197,self-quenching,,43.1,0.49,0.17,LUV,170.0,,0.1,5,carboxyfluorescein,OC(=O)C(C=C(C1C(O)=O)C(C(C=C2)C(O3)C=C2O)=C(C=CC2=O)C3=C2)=CC=1,378.3360000000001,121.13,5,3,3,2.8861000000000008
157,63,198,self-quenching,,42.4,0.49,0.17,LUV,169.0,,-33.1,5,carboxyfluorescein,OC(=O)C(C=C(C1C(O)=O)C(C(C=C2)C(O3)C=C2O)=C(C=CC2=O)C3=C2)=CC=1,378.3360000000001,121.13,5,3,3,2.8861000000000008
158,64,199,self-quenching,,42.9,0.49,0.13,LUV,174.0,,-38.6,5,carboxyfluorescein,OC(=O)C(C=C(C1C(O)=O)C(C(C=C2)C(O3)C=C2O)=C(C=CC2=O)C3=C2)=CC=1,378.3360000000001,121.13,5,3,3,2.8861000000000008
159,66,200,self-quenching,,43.4,0.49,0.19,LUV,176.0,,-25.2,5,carboxyfluorescein,OC(=O)C(C=C(C1C(O)=O)C(C(C=C2)C(O3)C=C2O)=C(C=CC2=O)C3=C2)=CC=1,378.3360000000001,121.13,5,3,3,2.8861000000000008
160,77,201,Dialysis,7.4,37.0,50.0,0.5,MLV,788.0,,,8,atenolol,CC(C)NCC(O)COC1=CC=C(CC(N)=O)C=C1,266.34099999999995,84.57999999999998,4,3,8,0.45210000000000006
161,78,202,Dialysis,7.4,37.0,50.0,0.5,MLV,1370.0,,,8,atenolol,CC(C)NCC(O)COC1=CC=C(CC(N)=O)C=C1,266.34099999999995,84.57999999999998,4,3,8,0.45210000000000006
162,79,203,Dialysis,7.4,37.0,50.0,0.5,MLV,1670.0,,,8,atenolol,CC(C)NCC(O)COC1=CC=C(CC(N)=O)C=C1,266.34099999999995,84.57999999999998,4,3,8,0.45210000000000006
163,80,204,Dialysis,7.4,37.0,50.0,0.5,MLV,820.0,,,8,atenolol,CC(C)NCC(O)COC1=CC=C(CC(N)=O)C=C1,266.34099999999995,84.57999999999998,4,3,8,0.45210000000000006
164,81,205,Dialysis,7.4,37.0,50.0,0.5,MLV,795.0,,,8,atenolol,CC(C)NCC(O)COC1=CC=C(CC(N)=O)C=C1,266.34099999999995,84.57999999999998,4,3,8,0.45210000000000006
165,67,206,Dialysis,7.4,37.0,50.0,0.09,MLV,788.0,,,7,propranolol,CC(C)NCC(O)COC1=CC=CC2=C1C=CC=C2,259.349,41.489999999999995,3,2,6,2.5775000000000006
166,68,207,Dialysis,7.4,37.0,50.0,0.09,MLV,1370.0,,,7,propranolol,CC(C)NCC(O)COC1=CC=CC2=C1C=CC=C2,259.349,41.489999999999995,3,2,6,2.5775000000000006
167,69,208,Dialysis,7.4,37.0,50.0,0.09,MLV,1670.0,,,7,propranolol,CC(C)NCC(O)COC1=CC=CC2=C1C=CC=C2,259.349,41.489999999999995,3,2,6,2.5775000000000006
168,70,209,Dialysis,7.4,37.0,50.0,0.09,MLV,820.0,,,7,propranolol,CC(C)NCC(O)COC1=CC=CC2=C1C=CC=C2,259.349,41.489999999999995,3,2,6,2.5775000000000006
169,71,210,Dialysis,7.4,37.0,50.0,0.09,MLV,795.0,,,7,propranolol,CC(C)NCC(O)COC1=CC=CC2=C1C=CC=C2,259.349,41.489999999999995,3,2,6,2.5775000000000006
170,82,211,Dialysis,7.4,37.0,50.0,0.5,SUV,30.0,,,8,atenolol,CC(C)NCC(O)COC1=CC=C(CC(N)=O)C=C1,266.34099999999995,84.57999999999998,4,3,8,0.45210000000000006
171,83,212,Dialysis,7.4,37.0,50.0,0.5,SUV,32.0,,,8,atenolol,CC(C)NCC(O)COC1=CC=C(CC(N)=O)C=C1,266.34099999999995,84.57999999999998,4,3,8,0.45210000000000006
172,84,213,Dialysis,7.4,37.0,50.0,0.5,SUV,35.0,,,8,atenolol,CC(C)NCC(O)COC1=CC=C(CC(N)=O)C=C1,266.34099999999995,84.57999999999998,4,3,8,0.45210000000000006
173,85,214,Dialysis,7.4,37.0,50.0,0.5,SUV,31.0,,,8,atenolol,CC(C)NCC(O)COC1=CC=C(CC(N)=O)C=C1,266.34099999999995,84.57999999999998,4,3,8,0.45210000000000006
174,86,215,Dialysis,7.4,37.0,50.0,0.5,SUV,30.0,,,8,atenolol,CC(C)NCC(O)COC1=CC=C(CC(N)=O)C=C1,266.34099999999995,84.57999999999998,4,3,8,0.45210000000000006
175,72,216,Dialysis,7.4,37.0,50.0,0.09,SUV,30.0,,,7,propranolol,CC(C)NCC(O)COC1=CC=CC2=C1C=CC=C2,259.349,41.489999999999995,3,2,6,2.5775000000000006
176,73,217,Dialysis,7.4,37.0,50.0,0.09,SUV,32.0,,,7,propranolol,CC(C)NCC(O)COC1=CC=CC2=C1C=CC=C2,259.349,41.489999999999995,3,2,6,2.5775000000000006
177,74,218,Dialysis,7.4,37.0,50.0,0.09,SUV,35.0,,,7,propranolol,CC(C)NCC(O)COC1=CC=CC2=C1C=CC=C2,259.349,41.489999999999995,3,2,6,2.5775000000000006
178,75,219,Dialysis,7.4,37.0,50.0,0.09,SUV,31.0,,,7,propranolol,CC(C)NCC(O)COC1=CC=CC2=C1C=CC=C2,259.349,41.489999999999995,3,2,6,2.5775000000000006
179,76,220,Dialysis,7.4,37.0,50.0,0.09,SUV,30.0,,,7,propranolol,CC(C)NCC(O)COC1=CC=CC2=C1C=CC=C2,259.349,41.489999999999995,3,2,6,2.5775000000000006
180,87,221,Dialysis,7.4,25.0,45.0,0.05,MLV,,,,9,budesonide,[H][C@@]12C[C@H]3OC(CCC)O[C@@]3(C(=O)CO)[C@@]1(C)C[C@H](O)[C@@]1([H])[C@@]2([H])CCC2=CC(=O)C=C[C@]12C,430.54100000000017,93.06,6,2,4,2.716800000000001
181,88,222,Dialysis,7.4,25.0,45.0,0.05,MLV,,,,9,budesonide,[H][C@@]12C[C@H]3OC(CCC)O[C@@]3(C(=O)CO)[C@@]1(C)C[C@H](O)[C@@]1([H])[C@@]2([H])CCC2=CC(=O)C=C[C@]12C,430.54100000000017,93.06,6,2,4,2.716800000000001
182,89,223,Dialysis,7.4,25.0,45.0,0.05,MLV,,,,9,budesonide,[H][C@@]12C[C@H]3OC(CCC)O[C@@]3(C(=O)CO)[C@@]1(C)C[C@H](O)[C@@]1([H])[C@@]2([H])CCC2=CC(=O)C=C[C@]12C,430.54100000000017,93.06,6,2,4,2.716800000000001
183,90,224,Dialysis,7.4,25.0,45.0,0.05,MLV,,,,10,hydrocortisone,[H][C@@]12CC[C@](O)(C(=O)CO)[C@@]1(C)C[C@H](O)[C@@]1([H])[C@@]2([H])CCC2=CC(=O)CC[C@]12C,362.4660000000002,94.83000000000001,5,3,2,1.7815999999999999
184,91,225,Dialysis,7.4,25.0,45.0,0.05,MLV,,,,10,hydrocortisone,[H][C@@]12CC[C@](O)(C(=O)CO)[C@@]1(C)C[C@H](O)[C@@]1([H])[C@@]2([H])CCC2=CC(=O)CC[C@]12C,362.4660000000002,94.83000000000001,5,3,2,1.7815999999999999
185,92,226,Sample and Separate,7.0,37.0,1.8,0.45,MLV,25500.0,,,11,bupivacaine,CCCCN1CCCCC1C(=O)NC1=C(C)C=CC=C1C,288.43500000000006,32.34,2,1,5,3.8965400000000026
186,92,227,Sample and Separate,7.0,37.0,1.8,0.45,MLV,25500.0,,,11,bupivacaine,CCCCN1CCCCC1C(=O)NC1=C(C)C=CC=C1C,288.43500000000006,32.34,2,1,5,3.8965400000000026
187,92,228,Sample and Separate,7.0,37.0,1.8,0.45,MLV,25500.0,,,11,bupivacaine,CCCCN1CCCCC1C(=O)NC1=C(C)C=CC=C1C,288.43500000000006,32.34,2,1,5,3.8965400000000026
188,92,229,Sample and Separate,7.0,37.0,1.8,0.45,MLV,25500.0,,,11,bupivacaine,CCCCN1CCCCC1C(=O)NC1=C(C)C=CC=C1C,288.43500000000006,32.34,2,1,5,3.8965400000000026
189,92,230,Sample and Separate,7.0,37.0,1.8,0.45,MLV,25500.0,,,11,bupivacaine,CCCCN1CCCCC1C(=O)NC1=C(C)C=CC=C1C,288.43500000000006,32.34,2,1,5,3.8965400000000026
190,92,231,Sample and Separate,7.0,37.0,1.8,0.45,MLV,25500.0,,,11,bupivacaine,CCCCN1CCCCC1C(=O)NC1=C(C)C=CC=C1C,288.43500000000006,32.34,2,1,5,3.8965400000000026
191,92,232,Sample and Separate,7.0,37.0,1.8,0.45,MLV,25500.0,,,11,bupivacaine,CCCCN1CCCCC1C(=O)NC1=C(C)C=CC=C1C,288.43500000000006,32.34,2,1,5,3.8965400000000026
192,92,233,Sample and Separate,7.0,37.0,1.8,0.45,MLV,25500.0,,,11,bupivacaine,CCCCN1CCCCC1C(=O)NC1=C(C)C=CC=C1C,288.43500000000006,32.34,2,1,5,3.8965400000000026
193,92,234,Dialysis,7.0,25.0,200.0,0.45,MLV,25500.0,,,11,bupivacaine,CCCCN1CCCCC1C(=O)NC1=C(C)C=CC=C1C,288.43500000000006,32.34,2,1,5,3.8965400000000026
194,92,235,Dialysis,7.0,31.0,200.0,0.45,MLV,25500.0,,,11,bupivacaine,CCCCN1CCCCC1C(=O)NC1=C(C)C=CC=C1C,288.43500000000006,32.34,2,1,5,3.8965400000000026
195,92,236,Dialysis,7.0,37.0,200.0,0.45,MLV,25500.0,,,11,bupivacaine,CCCCN1CCCCC1C(=O)NC1=C(C)C=CC=C1C,288.43500000000006,32.34,2,1,5,3.8965400000000026
196,92,237,Dialysis,7.0,40.0,200.0,0.45,MLV,25500.0,,,11,bupivacaine,CCCCN1CCCCC1C(=O)NC1=C(C)C=CC=C1C,288.43500000000006,32.34,2,1,5,3.8965400000000026
197,92,238,Dialysis,7.0,25.0,200.0,0.45,MLV,25500.0,,,11,bupivacaine,CCCCN1CCCCC1C(=O)NC1=C(C)C=CC=C1C,288.43500000000006,32.34,2,1,5,3.8965400000000026
198,92,239,Dialysis,7.0,37.0,200.0,0.45,MLV,25500.0,,,11,bupivacaine,CCCCN1CCCCC1C(=O)NC1=C(C)C=CC=C1C,288.43500000000006,32.34,2,1,5,3.8965400000000026
199,92,240,Dialysis,7.0,25.0,200.0,0.45,MLV,25500.0,,,11,bupivacaine,CCCCN1CCCCC1C(=O)NC1=C(C)C=CC=C1C,288.43500000000006,32.34,2,1,5,3.8965400000000026
200,92,241,Dialysis,7.0,37.0,200.0,0.45,MLV,25500.0,,,11,bupivacaine,CCCCN1CCCCC1C(=O)NC1=C(C)C=CC=C1C,288.43500000000006,32.34,2,1,5,3.8965400000000026
201,92,242,Dialysis,5.0,,,0.45,MLV,25500.0,,,11,bupivacaine,CCCCN1CCCCC1C(=O)NC1=C(C)C=CC=C1C,288.43500000000006,32.34,2,1,5,3.8965400000000026
202,92,243,Dialysis,6.0,,,0.45,MLV,25500.0,,,11,bupivacaine,CCCCN1CCCCC1C(=O)NC1=C(C)C=CC=C1C,288.43500000000006,32.34,2,1,5,3.8965400000000026
203,92,244,Dialysis,7.0,,,0.45,MLV,25500.0,,,11,bupivacaine,CCCCN1CCCCC1C(=O)NC1=C(C)C=CC=C1C,288.43500000000006,32.34,2,1,5,3.8965400000000026
204,92,245,Dialysis,10.0,,,0.45,MLV,25500.0,,,11,bupivacaine,CCCCN1CCCCC1C(=O)NC1=C(C)C=CC=C1C,288.43500000000006,32.34,2,1,5,3.8965400000000026
205,95,250,VDC,,,,,LUV,,,,12,rhodamine b,[Cl-].CCN(CC)C1=CC2=C(C=C1)C(C1=CC=CC=C1C(O)=O)=C1C=CC(C=C1O2)=[N+](CC)CC,479.0200000000003,56.69,3,1,7,2.5650000000000013
206,96,251,VDC,,,,,SUV,,,,12,rhodamine b,[Cl-].CCN(CC)C1=CC2=C(C=C1)C(C1=CC=CC=C1C(O)=O)=C1C=CC(C=C1O2)=[N+](CC)CC,479.0200000000003,56.69,3,1,7,2.5650000000000013
207,94,252,VDC,,,,,SUV,,,,12,rhodamine b,[Cl-].CCN(CC)C1=CC2=C(C=C1)C(C1=CC=CC=C1C(O)=O)=C1C=CC(C=C1O2)=[N+](CC)CC,479.0200000000003,56.69,3,1,7,2.5650000000000013
208,93,253,VDC,,,,,SUV,,,,12,rhodamine b,[Cl-].CCN(CC)C1=CC2=C(C=C1)C(C1=CC=CC=C1C(O)=O)=C1C=CC(C=C1O2)=[N+](CC)CC,479.0200000000003,56.69,3,1,7,2.5650000000000013
209,93,254,VDC,7.4,25.0,,,SUV,,,,12,rhodamine b,[Cl-].CCN(CC)C1=CC2=C(C=C1)C(C1=CC=CC=C1C(O)=O)=C1C=CC(C=C1O2)=[N+](CC)CC,479.0200000000003,56.69,3,1,7,2.5650000000000013
210,94,255,VDC,7.4,25.0,,,SUV,,,,12,rhodamine b,[Cl-].CCN(CC)C1=CC2=C(C=C1)C(C1=CC=CC=C1C(O)=O)=C1C=CC(C=C1O2)=[N+](CC)CC,479.0200000000003,56.69,3,1,7,2.5650000000000013
211,95,256,VDC,7.4,25.0,,,LUV,,,,12,rhodamine b,[Cl-].CCN(CC)C1=CC2=C(C=C1)C(C1=CC=CC=C1C(O)=O)=C1C=CC(C=C1O2)=[N+](CC)CC,479.0200000000003,56.69,3,1,7,2.5650000000000013
212,96,257,VDC,7.4,25.0,,,SUV,,,,12,rhodamine b,[Cl-].CCN(CC)C1=CC2=C(C=C1)C(C1=CC=CC=C1C(O)=O)=C1C=CC(C=C1O2)=[N+](CC)CC,479.0200000000003,56.69,3,1,7,2.5650000000000013
213,97,258,VDC,7.4,25.0,,,SUV,,,,12,rhodamine b,[Cl-].CCN(CC)C1=CC2=C(C=C1)C(C1=CC=CC=C1C(O)=O)=C1C=CC(C=C1O2)=[N+](CC)CC,479.0200000000003,56.69,3,1,7,2.5650000000000013
214,98,259,VDC,7.4,25.0,,,SUV,,,,12,rhodamine b,[Cl-].CCN(CC)C1=CC2=C(C=C1)C(C1=CC=CC=C1C(O)=O)=C1C=CC(C=C1O2)=[N+](CC)CC,479.0200000000003,56.69,3,1,7,2.5650000000000013
215,99,260,VDC,7.4,25.0,,,LUV,,,,12,rhodamine b,[Cl-].CCN(CC)C1=CC2=C(C=C1)C(C1=CC=CC=C1C(O)=O)=C1C=CC(C=C1O2)=[N+](CC)CC,479.0200000000003,56.69,3,1,7,2.5650000000000013
216,100,261,VDC,7.4,25.0,,,SUV,,,,12,rhodamine b,[Cl-].CCN(CC)C1=CC2=C(C=C1)C(C1=CC=CC=C1C(O)=O)=C1C=CC(C=C1O2)=[N+](CC)CC,479.0200000000003,56.69,3,1,7,2.5650000000000013
217,101,262,VDC,7.4,25.0,,,SUV,,,,12,rhodamine b,[Cl-].CCN(CC)C1=CC2=C(C=C1)C(C1=CC=CC=C1C(O)=O)=C1C=CC(C=C1O2)=[N+](CC)CC,479.0200000000003,56.69,3,1,7,2.5650000000000013
218,102,263,VDC,7.4,25.0,,,SUV,,,,12,rhodamine b,[Cl-].CCN(CC)C1=CC2=C(C=C1)C(C1=CC=CC=C1C(O)=O)=C1C=CC(C=C1O2)=[N+](CC)CC,479.0200000000003,56.69,3,1,7,2.5650000000000013
219,103,264,VDC,7.4,25.0,,,LUV,,,,12,rhodamine b,[Cl-].CCN(CC)C1=CC2=C(C=C1)C(C1=CC=CC=C1C(O)=O)=C1C=CC(C=C1O2)=[N+](CC)CC,479.0200000000003,56.69,3,1,7,2.5650000000000013
220,104,265,VDC,7.4,25.0,,,SUV,,,,12,rhodamine b,[Cl-].CCN(CC)C1=CC2=C(C=C1)C(C1=CC=CC=C1C(O)=O)=C1C=CC(C=C1O2)=[N+](CC)CC,479.0200000000003,56.69,3,1,7,2.5650000000000013
221,105,267,ModifiedUSP-4,,37.0,100.0,,LUV,110.5,,-1.4,14,vincristine sulfate,CCC1(CC2CC(C3=C(CCN(C2)C1)C4=CC=CC=C4N3)(C5=C(C=C6C(=C5)C78CCN9C7C(C=CC9)(C(C(C8N6C=O)(C(=O)OC)O)OC(=O)C)CC)OC)C(=O)OC)O.OS(=O)(=O)O,923.0510000000004,245.76999999999998,14,5,8,2.864700000000004
222,106,268,ModifiedUSP-4,,37.0,100.0,,LUV,145.8,,-3.9,14,vincristine sulfate,CCC1(CC2CC(C3=C(CCN(C2)C1)C4=CC=CC=C4N3)(C5=C(C=C6C(=C5)C78CCN9C7C(C=CC9)(C(C(C8N6C=O)(C(=O)OC)O)OC(=O)C)CC)OC)C(=O)OC)O.OS(=O)(=O)O,923.0510000000004,245.76999999999998,14,5,8,2.864700000000004
223,105,269,ModifiedUSP-4,,37.0,100.0,,LUV,110.5,,-1.4,14,vincristine sulfate,CCC1(CC2CC(C3=C(CCN(C2)C1)C4=CC=CC=C4N3)(C5=C(C=C6C(=C5)C78CCN9C7C(C=CC9)(C(C(C8N6C=O)(C(=O)OC)O)OC(=O)C)CC)OC)C(=O)OC)O.OS(=O)(=O)O,923.0510000000004,245.76999999999998,14,5,8,2.864700000000004
224,106,270,ModifiedUSP-4,,37.0,100.0,,LUV,145.8,,-3.9,14,vincristine sulfate,CCC1(CC2CC(C3=C(CCN(C2)C1)C4=CC=CC=C4N3)(C5=C(C=C6C(=C5)C78CCN9C7C(C=CC9)(C(C(C8N6C=O)(C(=O)OC)O)OC(=O)C)CC)OC)C(=O)OC)O.OS(=O)(=O)O,923.0510000000004,245.76999999999998,14,5,8,2.864700000000004
225,107,271,Dialysis,7.4,37.0,4.0,0.5,LUV,131.0,0.23,-9.13,15,amoxicillin,CC1(C(N2C(S1)C(C2=O)NC(=O)C(C3=CC=C(C=C3)O)N)C(=O)O)C,365.4110000000001,132.95999999999998,6,4,4,0.023699999999999555
226,108,272,Dialysis,7.4,37.0,4.0,0.5,LUV,159.3,0.2,-12.97,15,amoxicillin,CC1(C(N2C(S1)C(C2=O)NC(=O)C(C3=CC=C(C=C3)O)N)C(=O)O)C,365.4110000000001,132.95999999999998,6,4,4,0.023699999999999555
227,109,273,Dialysis,,37.0,48.0,0.42,LUV,145.1,0.2,-0.11,16,calcein,C1=CC=C2C(=C1)C(=O)OC23C4=C(C=C(C(=C4)CN(CC(=O)O)CC(=O)O)O)OC5=C3C=C(C(=C5)O)CN(CC(=O)O)CC(=O)O,622.5390000000002,231.66999999999996,11,6,12,1.6082
228,110,274,Dialysis,,37.0,48.0,0.42,LUV,101.7,0.16,-3.68,16,calcein,C1=CC=C2C(=C1)C(=O)OC23C4=C(C=C(C(=C4)CN(CC(=O)O)CC(=O)O)O)OC5=C3C=C(C(=C5)O)CN(CC(=O)O)CC(=O)O,622.5390000000002,231.66999999999996,11,6,12,1.6082
229,111,275,Dialysis,,37.0,48.0,0.42,LUV,136.0,0.19,-0.06,16,calcein,C1=CC=C2C(=C1)C(=O)OC23C4=C(C=C(C(=C4)CN(CC(=O)O)CC(=O)O)O)OC5=C3C=C(C(=C5)O)CN(CC(=O)O)CC(=O)O,622.5390000000002,231.66999999999996,11,6,12,1.6082
230,113,276,Dialysis,,37.0,48.0,0.42,LUV,140.4,0.18,0.26,16,calcein,C1=CC=C2C(=C1)C(=O)OC23C4=C(C=C(C(=C4)CN(CC(=O)O)CC(=O)O)O)OC5=C3C=C(C(=C5)O)CN(CC(=O)O)CC(=O)O,622.5390000000002,231.66999999999996,11,6,12,1.6082
231,112,277,Dialysis,,37.0,48.0,0.42,LUV,128.6,0.15,2.33,1,doxorubicin,COC1=CC=CC2=C1C(=O)C1=C(O)C3=C(C[C@](O)(C[C@@H]3O[C@H]3C[C@H](N)[C@H](O)[C@H](C)O3)C(=O)CO)C(O)=C1C2=O,543.5250000000002,206.06999999999996,12,6,5,0.0012999999999995238
232,112,278,Dialysis,,37.0,48.0,0.42,LUV,128.6,0.15,2.33,1,doxorubicin,COC1=CC=CC2=C1C(=O)C1=C(O)C3=C(C[C@](O)(C[C@@H]3O[C@H]3C[C@H](N)[C@H](O)[C@H](C)O3)C(=O)CO)C(O)=C1C2=O,543.5250000000002,206.06999999999996,12,6,5,0.0012999999999995238
233,112,279,Dialysis,,37.0,48.0,0.42,LUV,128.6,0.15,2.33,1,doxorubicin,COC1=CC=CC2=C1C(=O)C1=C(O)C3=C(C[C@](O)(C[C@@H]3O[C@H]3C[C@H](N)[C@H](O)[C@H](C)O3)C(=O)CO)C(O)=C1C2=O,543.5250000000002,206.06999999999996,12,6,5,0.0012999999999995238
234,114,280,Dialysis,,37.0,30.0,0.05,LUV,206.7,0.26,-18.8,17,paclitaxel,CC1=C2C(C(=O)C3(C(CC4C(C3C(C(C2(C)C)(CC1OC(=O)C(C(C5=CC=CC=C5)NC(=O)C6=CC=CC=C6)O)O)OC(=O)C7=CC=CC=C7)(CO4)OC(=O)C)O)C)OC(=O)C,853.9180000000003,221.28999999999996,14,4,10,3.735700000000004
235,115,281,Dialysis,,37.0,30.0,0.05,LUV,175.9,0.21,-24.9,18,gemcitabine,C1=CN(C(=O)N=C1N)[C@H]2C([C@@H]([C@H](O2)CO)O)(F)F,263.2,110.60000000000001,7,3,2,-1.2886000000000004
236,116,282,Dialysis,,37.0,50.0,0.13,LUV,104.1,0.2,-41.3,19,5-Fluorouracil carbonate,O=C1C(F)=CN(COC(OCCCCCCCCCCCCCC)=O)C(N1)=O,400.4910000000002,90.38999999999999,6,1,15,4.487500000000003
237,117,283,Dialysis,,37.0,,0.05,LUV,181.77,0.207,-53.8,20,Hydroxy-alpha-sanshool,CC=CC=CC=CCCC=CC(=O)NCC(C)(C)O,263.381,49.33,2,2,8,2.898400000000001
238,118,284,Dialysis,,37.0,30.0,0.05,,,,,21,BAY 87-2243,CC1=CC(=NN1CC2=CC(=NC=C2)N3CCN(CC3)C4CC4)C5=NC(=NO5)C6=CC=C(C=C6)OC(F)(F)F,525.5350000000003,85.34000000000002,9,0,7,4.534820000000004
239,119,285,Dialysis,,37.0,30.0,0.05,LUV,168.3,0.176,35.32,21,BAY 87-2243,CC1=CC(=NN1CC2=CC(=NC=C2)N3CCN(CC3)C4CC4)C5=NC(=NO5)C6=CC=C(C=C6)OC(F)(F)F,525.5350000000003,85.34000000000002,9,0,7,4.534820000000004
240,118,286,Dialysis,7.4,37.0,30.0,0.05,,,,,21,BAY 87-2243,CC1=CC(=NN1CC2=CC(=NC=C2)N3CCN(CC3)C4CC4)C5=NC(=NO5)C6=CC=C(C=C6)OC(F)(F)F,525.5350000000003,85.34000000000002,9,0,7,4.534820000000004
241,119,287,Dialysis,7.4,37.0,30.0,0.05,LUV,168.3,0.176,35.32,21,BAY 87-2243,CC1=CC(=NN1CC2=CC(=NC=C2)N3CCN(CC3)C4CC4)C5=NC(=NO5)C6=CC=C(C=C6)OC(F)(F)F,525.5350000000003,85.34000000000002,9,0,7,4.534820000000004
242,118,288,Dialysis,5.5,37.0,30.0,0.05,,,,,21,BAY 87-2243,CC1=CC(=NN1CC2=CC(=NC=C2)N3CCN(CC3)C4CC4)C5=NC(=NO5)C6=CC=C(C=C6)OC(F)(F)F,525.5350000000003,85.34000000000002,9,0,7,4.534820000000004
243,119,289,Dialysis,5.5,37.0,30.0,0.05,LUV,168.3,0.176,35.32,21,BAY 87-2243,CC1=CC(=NN1CC2=CC(=NC=C2)N3CCN(CC3)C4CC4)C5=NC(=NO5)C6=CC=C(C=C6)OC(F)(F)F,525.5350000000003,85.34000000000002,9,0,7,4.534820000000004
244,120,290,Dialysis,1.2,37.0,100.0,0.125,,166.65,,,22,fraxetin,COC1=C(C(=C2C(=C1)C=CC(=O)O2)O)O,208.16899999999998,79.9,5,2,1,1.2128
245,120,291,Dialysis,7.4,37.0,100.0,0.125,,166.65,,,22,fraxetin,COC1=C(C(=C2C(=C1)C=CC(=O)O2)O)O,208.16899999999998,79.9,5,2,1,1.2128
246,120,292,Dialysis,7.0,37.0,100.0,0.125,,166.65,,,22,fraxetin,COC1=C(C(=C2C(=C1)C=CC(=O)O2)O)O,208.16899999999998,79.9,5,2,1,1.2128
247,121,293,Dialysis,7.0,37.0,100.0,,,187.0,,,1,doxorubicin,COC1=CC=CC2=C1C(=O)C1=C(O)C3=C(C[C@](O)(C[C@@H]3O[C@H]3C[C@H](N)[C@H](O)[C@H](C)O3)C(=O)CO)C(O)=C1C2=O,543.5250000000002,206.06999999999996,12,6,5,0.0012999999999995238
248,122,294,Dispersion releaser,7.4,37.0,136.0,0.08,SUV,104.0,,,23,temoporfin,C1CC2=NC1=C(C3=CC=C(N3)C(=C4C=CC(=N4)C(=C5C=CC(=C2C6=CC(=CC=C6)O)N5)C7=CC(=CC=C7)O)C8=CC(=CC=C8)O)C9=CC(=CC=C9)O,680.7640000000002,138.28,6,6,4,9.760799999999994
249,123,295,Dialysis,7.4,37.0,14.0,0.05,MLV,1050.0,,,24,sulforhodamine B,CCN(CC)C1=CC2=C(C=C1)C(=C3C=CC(=[N+](CC)CC)C=C3O2)C4=C(C=C(C=C4)S(=O)(=O)O)S(=O)(=O)[O-],558.6780000000003,130.96,7,1,8,4.013600000000003
250,124,296,Dialysis,7.4,37.0,14.0,0.05,MLV,,,,24,sulforhodamine B,CCN(CC)C1=CC2=C(C=C1)C(=C3C=CC(=[N+](CC)CC)C=C3O2)C4=C(C=C(C=C4)S(=O)(=O)O)S(=O)(=O)[O-],558.6780000000003,130.96,7,1,8,4.013600000000003
251,125,297,Dialysis,7.4,37.0,14.0,0.05,MLV,,,,24,sulforhodamine B,CCN(CC)C1=CC2=C(C=C1)C(=C3C=CC(=[N+](CC)CC)C=C3O2)C4=C(C=C(C=C4)S(=O)(=O)O)S(=O)(=O)[O-],558.6780000000003,130.96,7,1,8,4.013600000000003
252,133,298,Dialysis,7.4,37.0,14.0,0.05,MLV,100.0,,,24,sulforhodamine B,CCN(CC)C1=CC2=C(C=C1)C(=C3C=CC(=[N+](CC)CC)C=C3O2)C4=C(C=C(C=C4)S(=O)(=O)O)S(=O)(=O)[O-],558.6780000000003,130.96,7,1,8,4.013600000000003
253,134,299,Dialysis,7.4,37.0,14.0,0.05,MLV,100.0,,,24,sulforhodamine B,CCN(CC)C1=CC2=C(C=C1)C(=C3C=CC(=[N+](CC)CC)C=C3O2)C4=C(C=C(C=C4)S(=O)(=O)O)S(=O)(=O)[O-],558.6780000000003,130.96,7,1,8,4.013600000000003
254,126,300,Dialysis,7.4,37.0,14.0,0.05,MLV,1260.0,0.122,-26.5,25,tetrodotoxin,C(C1(C2C3C(N=C(NC34C(C1OC(C4O)(O2)O)O)N)O)O)O,319.27000000000004,190.25,11,8,1,-5.519799999999995
255,127,301,Dialysis,7.4,37.0,14.0,0.05,MLV,1140.0,0.159,-27.7,25,tetrodotoxin,C(C1(C2C3C(N=C(NC34C(C1OC(C4O)(O2)O)O)N)O)O)O,319.27000000000004,190.25,11,8,1,-5.519799999999995
256,128,302,Dialysis,7.4,37.0,14.0,0.05,MLV,,,,11,bupivacaine,CCCCN1CCCCC1C(=O)NC1=C(C)C=CC=C1C,288.43500000000006,32.34,2,1,5,3.8965400000000026
257,129,303,Dialysis,7.4,37.0,14.0,0.05,MLV,,,,11,bupivacaine,CCCCN1CCCCC1C(=O)NC1=C(C)C=CC=C1C,288.43500000000006,32.34,2,1,5,3.8965400000000026
258,130,304,Dialysis,7.4,37.0,14.0,0.05,MLV,,,,1,doxorubicin,COC1=CC=CC2=C1C(=O)C1=C(O)C3=C(C[C@](O)(C[C@@H]3O[C@H]3C[C@H](N)[C@H](O)[C@H](C)O3)C(=O)CO)C(O)=C1C2=O,543.5250000000002,206.06999999999996,12,6,5,0.0012999999999995238
259,131,305,Dialysis,7.4,37.0,14.0,0.05,MLV,,,,1,doxorubicin,COC1=CC=CC2=C1C(=O)C1=C(O)C3=C(C[C@](O)(C[C@@H]3O[C@H]3C[C@H](N)[C@H](O)[C@H](C)O3)C(=O)CO)C(O)=C1C2=O,543.5250000000002,206.06999999999996,12,6,5,0.0012999999999995238
260,132,306,Dialysis,7.4,37.0,14.0,0.05,MLV,,,,24,sulforhodamine B,CCN(CC)C1=CC2=C(C=C1)C(=C3C=CC(=[N+](CC)CC)C=C3O2)C4=C(C=C(C=C4)S(=O)(=O)O)S(=O)(=O)[O-],558.6780000000003,130.96,7,1,8,4.013600000000003
261,135,308,Dialysis,7.4,37.0,400.0,0.015,LUV,143.0,0.22,-0.3,1,doxorubicin,COC1=CC=CC2=C1C(=O)C1=C(O)C3=C(C[C@](O)(C[C@@H]3O[C@H]3C[C@H](N)[C@H](O)[C@H](C)O3)C(=O)CO)C(O)=C1C2=O,543.5250000000002,206.06999999999996,12,6,5,0.0012999999999995238
262,136,309,Dialysis,7.4,37.0,400.0,0.017,SUV,82.0,0.13,-2.1,1,doxorubicin,COC1=CC=CC2=C1C(=O)C1=C(O)C3=C(C[C@](O)(C[C@@H]3O[C@H]3C[C@H](N)[C@H](O)[C@H](C)O3)C(=O)CO)C(O)=C1C2=O,543.5250000000002,206.06999999999996,12,6,5,0.0012999999999995238
263,137,310,Dialysis,7.4,37.0,400.0,0.017,LUV,104.0,0.14,-2.0,1,doxorubicin,COC1=CC=CC2=C1C(=O)C1=C(O)C3=C(C[C@](O)(C[C@@H]3O[C@H]3C[C@H](N)[C@H](O)[C@H](C)O3)C(=O)CO)C(O)=C1C2=O,543.5250000000002,206.06999999999996,12,6,5,0.0012999999999995238
264,138,311,Dialysis,7.4,37.0,400.0,0.015,SUV,84.0,0.14,-2.6,1,doxorubicin,COC1=CC=CC2=C1C(=O)C1=C(O)C3=C(C[C@](O)(C[C@@H]3O[C@H]3C[C@H](N)[C@H](O)[C@H](C)O3)C(=O)CO)C(O)=C1C2=O,543.5250000000002,206.06999999999996,12,6,5,0.0012999999999995238
265,139,312,Dialysis,7.4,37.0,400.0,0.013,LUV,110.0,0.16,-1.6,1,doxorubicin,COC1=CC=CC2=C1C(=O)C1=C(O)C3=C(C[C@](O)(C[C@@H]3O[C@H]3C[C@H](N)[C@H](O)[C@H](C)O3)C(=O)CO)C(O)=C1C2=O,543.5250000000002,206.06999999999996,12,6,5,0.0012999999999995238
266,140,313,Dialysis,7.4,37.0,400.0,0.017,LUV,266.0,0.22,-2.0,1,doxorubicin,COC1=CC=CC2=C1C(=O)C1=C(O)C3=C(C[C@](O)(C[C@@H]3O[C@H]3C[C@H](N)[C@H](O)[C@H](C)O3)C(=O)CO)C(O)=C1C2=O,543.5250000000002,206.06999999999996,12,6,5,0.0012999999999995238
267,141,314,Dialysis,7.4,37.0,,0.1,LUV,103.9,0.069,-15.7,1,doxorubicin,COC1=CC=CC2=C1C(=O)C1=C(O)C3=C(C[C@](O)(C[C@@H]3O[C@H]3C[C@H](N)[C@H](O)[C@H](C)O3)C(=O)CO)C(O)=C1C2=O,543.5250000000002,206.06999999999996,12,6,5,0.0012999999999995238
268,142,315,Dialysis,7.4,37.0,,0.1,LUV,105.2,0.052,-17.9,1,doxorubicin,COC1=CC=CC2=C1C(=O)C1=C(O)C3=C(C[C@](O)(C[C@@H]3O[C@H]3C[C@H](N)[C@H](O)[C@H](C)O3)C(=O)CO)C(O)=C1C2=O,543.5250000000002,206.06999999999996,12,6,5,0.0012999999999995238
269,143,316,Dialysis,7.4,37.0,,0.1,LUV,101.1,0.024,-15.8,1,doxorubicin,COC1=CC=CC2=C1C(=O)C1=C(O)C3=C(C[C@](O)(C[C@@H]3O[C@H]3C[C@H](N)[C@H](O)[C@H](C)O3)C(=O)CO)C(O)=C1C2=O,543.5250000000002,206.06999999999996,12,6,5,0.0012999999999995238
270,144,317,Dialysis,7.4,37.0,,0.1,LUV,102.0,0.056,-18.2,1,doxorubicin,COC1=CC=CC2=C1C(=O)C1=C(O)C3=C(C[C@](O)(C[C@@H]3O[C@H]3C[C@H](N)[C@H](O)[C@H](C)O3)C(=O)CO)C(O)=C1C2=O,543.5250000000002,206.06999999999996,12,6,5,0.0012999999999995238
